dataset,mode,nb,nq,d,nlist,nprobe,divideIVF,orderOptimize,cut,block,worker,group,team,average_time_speedup,average_recall,average_query_time,average_original_time
msong,Baseline,994185,1000,420,997,1,62,1,0,0,10,10,1,33.8977776,0.6087999939918518,0.065075641,0.022059197
msong,Baseline,994185,1000,420,997,3,62,1,0,0,10,10,1,59.2395935,0.3093699812889099,0.111210189,0.065880463
msong,Baseline,994185,1000,420,997,5,62,1,0,0,10,10,1,139.8624115,0.1855599880218506,0.075846662,0.106080973
msong,Baseline,994185,1000,420,997,10,62,1,0,0,10,10,1,235.2063141,0.0704100131988525,0.091827488,0.215984047
msong,Baseline,994185,1000,420,997,20,62,1,0,0,10,10,1,368.0565796,0.0210899710655212,0.119429843,0.439569378
msong,Baseline,994185,1000,420,997,30,62,1,0,0,10,10,1,431.6330872,0.0093600153923035,0.146096071,0.630598966
msong,Baseline,994185,1000,420,997,40,62,1,0,0,10,10,1,495.4084167,0.0054600238800049,0.166049121,0.822621335
msong,Baseline,994185,1000,420,997,50,62,1,0,0,10,10,1,531.5918579,0.00382000207901,0.191333165,1.017111518
msong,Baseline,994185,1000,420,997,70,62,1,0,0,10,10,1,617.7711792,0.0024099946022034,0.219472677,1.355838935
msong,Baseline,994185,1000,420,997,100,62,1,0,0,10,10,1,675.0534668,0.0014700293540955,0.279049481,1.883733245
msong,Baseline,994185,1000,420,997,200,62,1,0,0,10,10,1,851.5222168,0.0009199976921082,0.429780928,3.659680114
msong,Baseline,994185,1000,420,997,300,62,1,0,0,10,10,1,988.6463013,0.0008400082588196,0.574164673,5.676457862
msong,Baseline,994185,1000,420,997,400,62,1,0,0,10,10,1,1340.1037598,0.0008299946784973,0.643941062,8.629478194
msong,Baseline,994185,1000,420,997,500,62,1,0,0,10,10,1,1415.0240479,0.0008299946784973,0.814739199,11.52875542
msong,Baseline,994185,1000,420,997,997,62,1,0,0,10,10,1,1078.1505127,0.0008100271224976,1.324924971,14.284684785

msong,Group   ,994185,1000,420,997,1,62,1,1,5,10,2,2,4.4131784,0.6087999939918518,0.499848307,0.022059197
msong,Group   ,994185,1000,420,997,3,62,1,1,5,10,2,2,18.6220512,0.3093699812889099,0.353776625,0.065880463
msong,Group   ,994185,1000,420,997,10,62,1,1,5,10,2,2,57.0455246,0.0704100131988525,0.378617,0.215984047
msong,Group   ,994185,1000,420,997,20,62,1,1,5,10,2,2,105.943161,0.0210899710655212,0.41491058,0.439569378
msong,Group   ,994185,1000,420,997,30,62,1,1,5,10,2,2,116.9195099,0.0093600153923035,0.539344531,0.630598966
msong,Group   ,994185,1000,420,997,40,62,1,1,5,10,2,2,164.3138123,0.0054600238800049,0.500640405,0.822621335
msong,Group   ,994185,1000,420,997,50,62,1,1,5,10,2,2,195.4895172,0.00382000207901,0.520289536,1.017111518
msong,Group   ,994185,1000,420,997,70,62,1,1,5,10,2,2,225.54776,0.0024099946022034,0.601131646,1.355838935
msong,Group   ,994185,1000,420,997,100,62,1,1,5,10,2,2,264.8806458,0.0014700293540955,0.711163018,1.883733245
msong,Group   ,994185,1000,420,997,200,62,1,1,5,10,2,2,457.7553406,0.0009199976921082,0.799483881,3.659680114
msong,Group   ,994185,1000,420,997,300,62,1,1,5,10,2,2,624.4238281,0.0008400082588196,0.909071294,5.676457862
msong,Group   ,994185,1000,420,997,400,62,1,1,5,10,2,2,835.819458,0.0008299946784973,1.032457187,8.629478194
msong,Group   ,994185,1000,420,997,500,62,1,1,5,10,2,2,887.6834717,0.0008299946784973,1.298746194,11.52875542
msong,Group   ,994185,1000,420,997,997,62,1,1,5,10,2,2,912.8234863,0.0008100271224976,1.564890108,14.284684785

msong,Dim     ,994185,1000,420,997,1,62,0,0,10,10,1,1,18.2901382,0.6087999939918518,0.120607049,0.022059197
msong,Dim     ,994185,1000,420,997,10,62,0,0,10,10,1,1,106.5015335,0.0704100131988525,0.202798995,0.215984047
msong,Dim     ,994185,1000,420,997,20,62,0,0,10,10,1,1,183.8996124,0.0210800170898438,0.239026802,0.439569378
msong,Dim     ,994185,1000,420,997,30,62,0,0,10,10,1,1,216.3438721,0.0093500018119812,0.291479939,0.630598966
msong,Dim     ,994185,1000,420,997,40,62,0,0,10,10,1,1,245.468399,0.0054500102996826,0.335123115,0.822621335
msong,Dim     ,994185,1000,420,997,50,62,0,0,10,10,1,1,268.3486023,0.0038099884986877,0.379026187,1.017111518
msong,Dim     ,994185,1000,420,997,70,62,0,0,10,10,1,1,313.6308594,0.0023999810218811,0.432304056,1.355838935
msong,Dim     ,994185,1000,420,997,100,62,0,0,10,10,1,1,368.0252991,0.0014600157737732,0.511848845,1.883733245
msong,Dim     ,994185,1000,420,997,200,62,0,0,10,10,1,1,507.7040405,0.0009099841117859,0.720829438,3.659680114
msong,Dim     ,994185,1000,420,997,300,62,0,0,10,10,1,1,574.8670044,0.0008299946784973,0.987438484,5.676457862
msong,Dim     ,994185,1000,420,997,400,62,0,0,10,10,1,1,712.4350586,0.000819981098175,1.211265208,8.629478194
msong,Dim     ,994185,1000,420,997,500,62,0,0,10,10,1,1,866.2894897,0.000819981098175,1.330820166,11.52875542
msong,Dim     ,994185,1000,420,997,997,62,0,0,10,10,1,1,734.5280151,0.0008000135421753,1.944743313,14.284684785

msong,Baseline,994185,1000,420,997,1,62,1,0,0,4,4,1,23.772550575,0.6087999939918518,0.09632342825,0.022059197
msong,Baseline,994185,1000,420,997,3,62,1,0,0,4,4,1,64.64777277499999,0.3093699812889099,0.10212127824999999,0.065880463
msong,Baseline,994185,1000,420,997,5,62,1,0,0,4,4,1,94.482687,0.1855599880218506,0.1123078725,0.106080973
msong,Baseline,994185,1000,420,997,10,62,1,0,0,4,4,1,156.868927,0.0704100131988525,0.13793444875,0.215984047
msong,Baseline,994185,1000,420,997,20,62,1,0,0,4,4,1,223.41129684999999,0.0210899710655212,0.196980437,0.439569378
msong,Baseline,994185,1000,420,997,30,62,1,0,0,4,4,1,244.1425133,0.0093600153923035,0.2584820315,0.630598966
msong,Baseline,994185,1000,420,997,40,62,1,0,0,4,4,1,278.49720765,0.0054600238800049,0.29550590525000003,0.822621335
msong,Baseline,994185,1000,420,997,50,62,1,0,0,4,4,1,308.72806549999996,0.00382000207901,0.32966479774999996,1.017111518
msong,Baseline,994185,1000,420,997,70,62,1,0,0,4,4,1,298.17858887500006,0.0024099946022034,0.45475683725,1.355838935
msong,Baseline,994185,1000,420,997,100,62,1,0,0,4,4,1,325.801750175,0.0014700293540955,0.57880311125,1.883733245
msong,Baseline,994185,1000,420,997,200,62,1,0,0,4,4,1,344.254989625,0.0009199976921082,1.0637961472500002,3.659680114
msong,Baseline,994185,1000,420,997,300,62,1,0,0,4,4,1,381.48773192500005,0.0008400082588196,1.48914163675,5.676457862
msong,Baseline,994185,1000,420,997,400,62,1,0,0,4,4,1,448.16596982500005,0.0008299946784973,1.9315572835,8.629478194
msong,Baseline,994185,1000,420,997,500,62,1,0,0,4,4,1,537.0652008,0.0008299946784973,2.14664889675,11.52875542
msong,Baseline,994185,1000,420,997,997,62,1,0,0,4,4,1,440.05950165,0.0008100271224976,3.2491386689999997,14.284684785

msong,Group   ,994185,1000,420,997,10,62,1,1,4,4,2,2,49.663564699999995,0.0704100131988525,0.4365379815,0.215984047
msong,Group   ,994185,1000,420,997,20,62,1,1,4,4,2,2,85.4555168,0.0210899710655212,0.5147187274999999,0.439569378
msong,Group   ,994185,1000,420,997,30,62,1,1,4,4,2,2,110.20436287499999,0.0093600153923035,0.5726415092499999,0.630598966
msong,Group   ,994185,1000,420,997,40,62,1,1,4,4,2,2,132.7419014,0.0054600238800049,0.6213582965,0.822621335
msong,Group   ,994185,1000,420,997,50,62,1,1,4,4,2,2,159.5869141,0.00382000207901,0.6403792187499999,1.017111518
msong,Group   ,994185,1000,420,997,70,62,1,1,4,4,2,2,173.99270629999998,0.0024099946022034,0.7800438212499999,1.355838935
msong,Group   ,994185,1000,420,997,100,62,1,1,4,4,2,2,212.46636199999998,0.0014700293540955,0.88781958875,1.883733245
msong,Group   ,994185,1000,420,997,200,62,1,1,4,4,2,2,277.38568112499996,0.0009199976921082,1.31971403525,3.659680114
msong,Group   ,994185,1000,420,997,300,62,1,1,4,4,2,2,332.5990448,0.0008400082588196,1.707149307,5.676457862
msong,Group   ,994185,1000,420,997,400,62,1,1,4,4,2,2,433.499397275,0.0008299946784973,1.9907465002500002,8.629478194
msong,Group   ,994185,1000,420,997,500,62,1,1,4,4,2,2,517.8700485249999,0.0008299946784973,2.226366372,11.52875542
msong,Group   ,994185,1000,420,997,997,62,1,1,4,4,2,2,476.077690125,0.0008100271224976,3.001167078,14.284684785

msong,Dim     ,994185,1000,420,997,1,62,0,0,4,4,1,1,2.6272567000000002,0.6087999939918518,0.83983371075,0.022059197
msong,Dim     ,994185,1000,420,997,10,62,0,0,4,4,1,1,23.984655875,0.0704100131988525,0.9005736215,0.215984047
msong,Dim     ,994185,1000,420,997,20,62,0,0,4,4,1,1,45.380386349999995,0.0210800170898438,0.9686698167500001,0.439569378
msong,Dim     ,994185,1000,420,997,30,62,0,0,4,4,1,1,59.17203045,0.0093500018119812,1.0657817187499998,0.630598966
msong,Dim     ,994185,1000,420,997,40,62,0,0,4,4,1,1,73.825655,0.0054500102996826,1.114386091,0.822621335
msong,Dim     ,994185,1000,420,997,50,62,0,0,4,4,1,1,81.359842275,0.0038099884986877,1.25014428475,1.017111518
msong,Dim     ,994185,1000,420,997,70,62,0,0,4,4,1,1,97.623645775,0.0023999810218811,1.38897658425,1.355838935
msong,Dim     ,994185,1000,420,997,100,62,0,0,4,4,1,1,114.8529148,0.0014600157737732,1.640329073,1.883733245
msong,Dim     ,994185,1000,420,997,200,62,0,0,4,4,1,1,158.8241501,0.0009099841117859,2.304399286,3.659680114
msong,Dim     ,994185,1000,420,997,300,62,0,0,4,4,1,1,186.34735869999997,0.0008299946784973,3.04620157625,5.676457862
msong,Dim     ,994185,1000,420,997,400,62,0,0,4,4,1,1,239.516189575,0.000819981098175,3.6029512085,8.629478194
msong,Dim     ,994185,1000,420,997,500,62,0,0,4,4,1,1,282.331123325,0.000819981098175,4.083453833,11.52875542
msong,Dim     ,994185,1000,420,997,997,62,1,1,4,4,1,1,316.7973328,0.0008100271224976,4.509092467,14.284684785
msong,Dim     ,994185,1000,420,997,997,62,1,0,4,4,1,1,261.9631042,0.0008000135421753,5.452937566,14.284684785
msong,Dim     ,994185,1000,420,997,997,62,0,0,4,4,1,1,259.823585525,0.0008000135421753,5.497997041750001,14.284684785


dataset,mode,nb,nq,d,nlist,nprobe,divideIVF,orderOptimize,cut,block,worker,group,team,average_time_speedup,average_recall,average_query_time,average_original_time
sift1m,Baseline,1000000,10000,128,1000,1,113,1,0,0,8,8,1,51.989872,0.7063870131969452,0.098571938,0.051247426
sift1m,Baseline,1000000,10000,128,1000,3,113,1,0,0,8,8,1,127.0127487,0.4574790000915527,0.103235523,0.131122273
sift1m,Baseline,1000000,10000,128,1000,5,113,1,0,0,8,8,1,189.6921844,0.337024986743927,0.111262197,0.211055696
sift1m,Baseline,1000000,10000,128,1000,10,113,1,0,0,8,8,1,296.4075623,0.1914020180702209,0.136477674,0.404530165
sift1m,Baseline,1000000,10000,128,1000,20,113,1,0,0,8,8,1,504.5738831,0.085536003112793,0.154402474,0.779074542
sift1m,Baseline,1000000,10000,128,1000,30,113,1,0,0,8,8,1,610.5814819,0.0460749864578247,0.188023545,1.148036918
sift1m,Baseline,1000000,10000,128,1000,40,113,1,0,0,8,8,1,687.7363281,0.0271810293197632,0.225998878,1.554276334
sift1m,Baseline,1000000,10000,128,1000,50,113,1,0,0,8,8,1,678.9358521,0.0169500112533569,0.280328064,1.903247765
sift1m,Baseline,1000000,10000,128,1000,70,113,1,0,0,8,8,1,844.6409912,0.0073630213737488,0.305483017,2.580234777
sift1m,Baseline,1000000,10000,128,1000,100,113,1,0,0,8,8,1,886.7321167,0.0025269985198975,0.410718624,3.641974025
sift1m,Baseline,1000000,10000,128,1000,200,113,1,0,0,8,8,1,954.9752808,0.0002210140228271,0.746941387,7.133105425
sift1m,Baseline,1000000,10000,128,1000,300,113,1,0,0,8,8,1,1092.1123047,0.0001310110092163,0.976466566,10.664111001
sift1m,Baseline,1000000,10000,128,1000,400,113,1,0,0,8,8,1,1004.409729,0.0001170039176941,1.401116654,14.072951947
sift1m,Baseline,1000000,10000,128,1000,500,113,1,0,0,8,8,1,1150.3116455,0.0001170039176941,1.545083408,17.773275176
sift1m,Baseline,1000000,10000,128,1000,1000,113,1,0,0,8,8,1,1539.9296875,0.0001170039176941,2.672371317,41.152640599

sift1m,Group   ,1000000,10000,128,1000,1,113,1,1,10,8,4,4,15.0469446,0.7064430117607117,0.340583602,0.051247426
sift1m,Group   ,1000000,10000,128,1000,3,113,1,1,10,8,4,4,37.6940308,0.4574800133705139,0.347859525,0.131122273
sift1m,Group   ,1000000,10000,128,1000,5,113,1,1,10,8,4,4,67.2374344,0.3370270133018494,0.313896134,0.211055696
sift1m,Group   ,1000000,10000,128,1000,10,113,1,1,10,8,4,4,104.0393143,0.1914010047912598,0.388824317,0.404530165
sift1m,Group   ,1000000,10000,128,1000,20,113,1,1,10,8,4,4,172.7173004,0.0855339765548706,0.451069199,0.779074542
sift1m,Group   ,1000000,10000,128,1000,30,113,1,1,10,8,4,4,258.8247986,0.0460780262947083,0.443557567,1.148036918
sift1m,Group   ,1000000,10000,128,1000,40,113,1,1,10,8,4,4,307.1618347,0.027180016040802,0.506012216,1.554276334
sift1m,Group   ,1000000,10000,128,1000,50,113,1,1,10,8,4,4,348.2850342,0.0169510245323181,0.546462681,1.903247765
sift1m,Group   ,1000000,10000,128,1000,70,113,1,1,10,8,4,4,389.6255188,0.0073699951171875,0.662234549,2.580234777
sift1m,Group   ,1000000,10000,128,1000,100,113,1,1,10,8,4,4,379.2842102,0.0025240182876587,0.960222925,3.641974025
sift1m,Group   ,1000000,10000,128,1000,200,113,1,1,10,8,4,4,573.3178101,0.000216007232666,1.244180024,7.133105425
sift1m,Group   ,1000000,10000,128,1000,300,113,1,1,10,8,4,4,629.8555908,0.000124990940094,1.693104159,10.664111001
sift1m,Group   ,1000000,10000,128,1000,400,113,1,1,10,8,4,4,842.1425171,0.0001109838485718,1.671089148,14.072951947
sift1m,Group   ,1000000,10000,128,1000,500,113,1,1,10,8,4,4,1087.5827637,0.0001109838485718,1.63419976,17.773275176
sift1m,Group   ,1000000,10000,128,1000,1000,113,1,1,10,8,4,4,1347.7199707,0.0001109838485718,3.053500707,41.152640599

sift1m,Dim     ,1000000,10000,128,1000,3,113,0,0,8,8,1,1,49.4048996,0.4574790000915527,0.265403383,0.131122273
sift1m,Dim     ,1000000,10000,128,1000,5,113,0,0,8,8,1,1,77.1403198,0.3370270133018494,0.273599706,0.211055696
sift1m,Dim     ,1000000,10000,128,1000,10,113,0,0,8,8,1,1,152.1593933,0.1913989782333374,0.26585947,0.404530165
sift1m,Dim     ,1000000,10000,128,1000,20,113,0,0,8,8,1,1,207.8364868,0.0855330228805542,0.374849754,0.779074542
sift1m,Dim     ,1000000,10000,128,1000,30,113,0,0,8,8,1,1,247.5926971,0.0460759997367859,0.463679645,1.148036918
sift1m,Dim     ,1000000,10000,128,1000,40,113,0,0,8,8,1,1,265.7468872,0.027180016040802,0.584870963,1.554276334
sift1m,Dim     ,1000000,10000,128,1000,50,113,0,0,8,8,1,1,290.8110657,0.0169510245323181,0.654461932,1.903247765
sift1m,Dim     ,1000000,10000,128,1000,70,113,0,0,8,8,1,1,317.203949,0.0073670148849487,0.813430856,2.580234777
sift1m,Dim     ,1000000,10000,128,1000,100,113,0,0,8,8,1,1,328.5256958,0.0025240182876587,1.108581136,3.641974025
sift1m,Dim     ,1000000,10000,128,1000,200,113,0,0,8,8,1,1,391.5086365,0.0002189874649048,1.821953571,7.133105425
sift1m,Dim     ,1000000,10000,128,1000,300,113,0,0,8,8,1,1,407.7978821,0.0001270174980164,2.615048099,10.664111001
sift1m,Dim     ,1000000,10000,128,1000,400,113,0,0,8,8,1,1,417.1007385,0.0001130104064941,3.373993431,14.072951947
sift1m,Dim     ,1000000,10000,128,1000,500,113,0,0,8,8,1,1,425.0462952,0.0001130104064941,4.18149159,17.773275176
sift1m,Dim     ,1000000,10000,128,1000,1000,113,0,0,8,8,1,1,501.9048157,0.0001130104064941,8.199291828,41.152640599

dataset,mode,nb,nq,d,nlist,nprobe,divideIVF,orderOptimize,cut,block,worker,group,team,average_time_speedup,average_recall,average_query_time,average_original_time
sift1m,Baseline,1000000,10000,128,1000,1,113,1,0,0,4,4,1,41.04886055,0.7063870131969452,0.12486353850000001,0.051247426
sift1m,Baseline,1000000,10000,128,1000,3,113,1,0,0,4,4,1,110.80748365,0.4574779868125916,0.1203776085,0.131122273
sift1m,Baseline,1000000,10000,128,1000,5,113,1,0,0,4,4,1,129.7747879,0.3370270133018494,0.16613060200000002,0.211055696
sift1m,Baseline,1000000,10000,128,1000,10,113,1,0,0,4,4,1,187.59381105,0.1914020180702209,0.2242642105,0.404530165
sift1m,Baseline,1000000,10000,128,1000,20,113,1,0,0,4,4,1,264.44512175,0.0855349898338318,0.296616799,0.779074542
sift1m,Baseline,1000000,10000,128,1000,30,113,1,0,0,4,4,1,305.2576141,0.0460739731788635,0.37630281649999997,1.148036918
sift1m,Baseline,1000000,10000,128,1000,40,113,1,0,0,4,4,1,382.14471434999996,0.0271729826927185,0.4071034255,1.554276334
sift1m,Baseline,1000000,10000,128,1000,50,113,1,0,0,4,4,1,340.4511261,0.0169410109519958,0.56776259,1.903247765
sift1m,Baseline,1000000,10000,128,1000,70,113,1,0,0,4,4,1,388.32118225,0.0073680281639099,0.6644966194999999,2.580234777
sift1m,Baseline,1000000,10000,128,1000,100,113,1,0,0,4,4,1,385.9580841,0.0025179982185364,0.952509749,3.641974025
sift1m,Baseline,1000000,10000,128,1000,200,113,1,0,0,4,4,1,390.87908934999996,0.0002130270004272,1.8515308215000001,7.133105425
sift1m,Baseline,1000000,10000,128,1000,300,113,1,0,0,4,4,1,420.15774535,0.0001230239868164,2.5601418865000003,10.664111001
sift1m,Baseline,1000000,10000,128,1000,400,113,1,0,0,4,4,1,469.3146057,0.0001090168952942,2.9990493275,14.072951947
sift1m,Baseline,1000000,10000,128,1000,500,113,1,0,0,4,4,1,414.17211914999996,0.0001090168952942,4.3152992155,17.773275176
sift1m,Baseline,1000000,10000,128,1000,1000,113,1,0,0,4,4,1,582.4442749,0.0001090168952942,7.072914588,41.152640599

sift1m,Group   ,1000000,10000,128,1000,1,113,1,1,4,4,2,2,13.93898825,0.7064760029315948,0.3685005375,0.051247426
sift1m,Group   ,1000000,10000,128,1000,3,113,1,1,4,4,2,2,36.365291600000006,0.4574840068817139,0.36060698,0.131122273
sift1m,Group   ,1000000,10000,128,1000,5,113,1,1,4,4,2,2,55.26132775,0.3370270133018494,0.3819397205,0.211055696
sift1m,Group   ,1000000,10000,128,1000,10,113,1,1,4,4,2,2,91.6480141,0.1914010047912598,0.44147091400000005,0.404530165
sift1m,Group   ,1000000,10000,128,1000,20,113,1,1,4,4,2,2,128.81971745,0.0855339765548706,0.6049145014999999,0.779074542
sift1m,Group   ,1000000,10000,128,1000,30,113,1,1,4,4,2,2,171.84928895000002,0.0460770130157471,0.6685530075,1.148036918
sift1m,Group   ,1000000,10000,128,1000,40,113,1,1,4,4,2,2,200.71579739999999,0.0271810293197632,0.7743794255,1.554276334
sift1m,Group   ,1000000,10000,128,1000,50,113,1,1,4,4,2,2,202.2313309,0.0169540047645569,0.94149735,1.903247765
sift1m,Group   ,1000000,10000,128,1000,70,113,1,1,4,4,2,2,235.20610805,0.0073590278625488,1.0970223465,2.580234777
sift1m,Group   ,1000000,10000,128,1000,100,113,1,1,4,4,2,2,298.3007965,0.0025179982185364,1.227003158,3.641974025
sift1m,Group   ,1000000,10000,128,1000,200,113,1,1,4,4,2,2,314.74957274999997,0.0002149939537048,2.2663045865,7.133105425
sift1m,Group   ,1000000,10000,128,1000,300,113,1,1,4,4,2,2,337.1855316,0.0001230239868164,3.1629723825,10.664111001
sift1m,Group   ,1000000,10000,128,1000,400,113,1,1,4,4,2,2,375.7236481,0.0001090168952942,3.7803754355,14.072951947
sift1m,Group   ,1000000,10000,128,1000,500,113,1,1,4,4,2,2,413.8709106,0.0001090168952942,4.363219852,17.773275176
sift1m,Group   ,1000000,10000,128,1000,1000,113,1,1,4,4,2,2,504.5087738,0.0001090168952942,8.161992014,41.152640599

sift1m,Dim     ,1000000,10000,128,1000,3,113,0,0,8,4,1,1,15.4987984,0.4574790000915527,0.8464366285,0.131122273
sift1m,Dim     ,1000000,10000,128,1000,5,113,0,0,8,4,1,1,22.066513049999998,0.3370270133018494,0.9564579385,0.211055696
sift1m,Dim     ,1000000,10000,128,1000,10,113,0,0,8,4,1,1,38.81501195,0.1913989782333374,1.0424799514999998,0.404530165
sift1m,Dim     ,1000000,10000,128,1000,20,113,0,0,8,4,1,1,63.920408249999994,0.0855330228805542,1.2190745785,0.779074542
sift1m,Dim     ,1000000,10000,128,1000,30,113,0,0,8,4,1,1,81.79734805000001,0.0460759997367859,1.4042497855,1.148036918
sift1m,Dim     ,1000000,10000,128,1000,40,113,0,0,8,4,1,1,100.49385835000001,0.027180016040802,1.5493336945,1.554276334
sift1m,Dim     ,1000000,10000,128,1000,50,113,0,0,8,4,1,1,106.2226791,0.0169510245323181,1.79316513,1.903247765
sift1m,Dim     ,1000000,10000,128,1000,70,113,0,0,8,4,1,1,128.34857175000002,0.0073670148849487,2.0163807055,2.580234777
sift1m,Dim     ,1000000,10000,128,1000,100,113,0,0,8,4,1,1,147.4272919,0.0025240182876587,2.4703609895,3.641974025
sift1m,Dim     ,1000000,10000,128,1000,200,113,0,0,8,4,1,1,158.44900515,0.0002189874649048,4.50207745,7.133105425
sift1m,Dim     ,1000000,10000,128,1000,300,113,0,0,8,4,1,1,223.34803775,0.0001270174980164,4.7746937015,10.664111001
sift1m,Dim     ,1000000,10000,128,1000,400,113,0,0,8,4,1,1,193.0139389,0.0001130104064941,7.3214994099999995,14.072951947
sift1m,Dim     ,1000000,10000,128,1000,500,113,0,0,8,4,1,1,177.92923739999998,0.0001130104064941,9.989032285499999,17.773275176
sift1m,Dim     ,1000000,10000,128,1000,1000,113,0,0,8,4,1,1,227.33325960000002,0.0001130104064941,18.111110912,41.152640599

dataset,mode,nb,nq,d,nlist,nprobe,divideIVF,orderOptimize,cut,block,worker,group,team,average_time_speedup,average_recall,average_query_time,average_original_time
nuswide,Baseline,268643,200,500,518,1,12,1,0,0,2,2,1,10.574309033333334,0.8026500046253204,0.011156456,0.001165544
nuswide,Baseline,268643,200,500,518,3,12,1,0,0,2,2,1,4.938115266666666,0.2704499959945679,0.011745639,0.000578421
nuswide,Baseline,268643,200,500,518,5,12,1,0,0,2,2,1,5.257188966666667,0.09579998254776,0.012501542,0.000653253
nuswide,Baseline,268643,200,500,518,10,12,1,0,0,2,2,1,6.078583399999999,0.0187000036239624,0.014353741000000001,0.000867368
nuswide,Baseline,268643,200,500,518,20,12,1,0,0,2,2,1,7.1802803666666675,0.0100499987602234,0.019480049666666666,0.0013877080000000003
nuswide,Baseline,268643,200,500,518,30,12,1,0,0,2,2,1,8.880823433333333,0.0092499852180481,0.022345225333333333,0.00197729
nuswide,Baseline,268643,200,500,518,40,12,1,0,0,2,2,1,8.805536733333334,0.0084999799728394,0.033990036,0.0026982960000000006
nuswide,Baseline,268643,200,500,518,50,12,1,0,0,2,2,1,11.856991133333333,0.0069500207901001,0.028984593333333336,0.0034127929999999995
nuswide,Baseline,268643,200,500,518,70,12,1,0,0,2,2,1,17.402222933333334,0.0065500140190125,0.035822301333333334,0.006232692000000001
nuswide,Baseline,268643,200,500,518,100,12,1,0,0,2,2,1,24.768219633333334,0.006299972534179699,0.04671662466666667,0.011568781
nuswide,Baseline,268643,200,500,518,200,12,1,0,0,2,2,1,79.85159556666666,0.0061500072479248,0.08032162233333334,0.063890219
nuswide,Baseline,268643,200,500,518,300,12,1,0,0,2,2,1,141.0423635,0.0060999989509583,0.12630478533333334,0.177833091
nuswide,Baseline,268643,200,500,518,400,12,1,0,0,2,2,1,152.1727244,0.0059499740600586,0.2330661076666667,0.354658836
nuswide,Baseline,268643,200,500,518,500,12,1,0,0,2,2,1,211.0388641333333,0.0058000087738037,0.3151421443333334,0.665054491
nuswide,Baseline,268643,200,500,518,516,12,1,0,0,2,2,1,190.55453996666665,0.00204998254776,0.3456253853333333,0.657550591
nuswide,Baseline,268643,200,500,518,518,12,1,0,0,2,2,1,308.459493,5.00082969666e-05,0.3539576983333334,1.091452495

nuswide,Group   ,268643,200,500,518,1,12,1,1,1,2,2,2,6.373225266666666,0.8026500046253204,0.026600571,0.001165544
nuswide,Group   ,268643,200,500,518,3,12,1,1,1,2,2,2,3.227719533333333,0.2704499959945679,0.027976484,0.000578421
nuswide,Group   ,268643,200,500,518,5,12,1,1,1,2,2,2,4.3444997333333335,0.09579998254776,0.015837321333333335,0.000653253
nuswide,Group   ,268643,200,500,518,10,12,1,1,1,2,2,2,4.300188833333333,0.0187000036239624,0.02218355333333333,0.000867368
nuswide,Group   ,268643,200,500,518,20,12,1,1,1,2,2,2,4.303616366666667,0.0101000070571899,0.03225211966666667,0.0013877080000000003
nuswide,Group   ,268643,200,500,518,30,12,1,1,1,2,2,2,5.321667033333334,0.0092499852180481,0.03717093933333334,0.00197729
nuswide,Group   ,268643,200,500,518,40,12,1,1,1,2,2,2,7.478559033333333,0.0084999799728394,0.03957292933333333,0.0026982960000000006
nuswide,Group   ,268643,200,500,518,50,12,1,1,1,2,2,2,8.9466912,0.0069500207901001,0.03826159866666667,0.0034127929999999995
nuswide,Group   ,268643,200,500,518,70,12,1,1,1,2,2,2,9.1560553,0.0065500140190125,0.07363807700000001,0.006232692000000001
nuswide,Group   ,268643,200,500,518,100,12,1,1,1,2,2,2,17.1294257,0.006299972534179699,0.06791827133333334,0.011568781
nuswide,Group   ,268643,200,500,518,200,12,1,1,1,2,2,2,61.55118053333333,0.0061500072479248,0.10457749766666667,0.063890219
nuswide,Group   ,268643,200,500,518,300,12,1,1,1,2,2,2,92.8071213,0.0060999989509583,0.192404314,0.177833091
nuswide,Group   ,268643,200,500,518,400,12,1,1,1,2,2,2,120.32696786666668,0.0059499740600586,0.295494504,0.354658836
nuswide,Group   ,268643,200,500,518,500,12,1,1,1,2,2,2,165.75238546666665,0.0058000087738037,0.4014333536666667,0.665054491
nuswide,Group   ,268643,200,500,518,516,12,1,1,1,2,2,2,157.9978536,0.00204998254776,0.416889584,0.657550591
nuswide,Group   ,268643,200,500,518,518,12,1,1,1,2,2,2,260.6460978,5.00082969666e-05,0.41875595933333337,1.091452495

nuswide,Dim     ,268643,200,500,518,1,12,0,0,2,2,1,1,0.6330497333333334,0.8026500046253204,0.18413684866666666,0.001165544
nuswide,Dim     ,268643,200,500,518,10,12,0,0,2,2,1,1,0.4539309,0.0187000036239624,0.19108067666666664,0.000867368
nuswide,Dim     ,268643,200,500,518,20,12,0,0,2,2,1,1,0.7526479333333334,0.0100499987602234,0.18447042733333333,0.0013877080000000003
nuswide,Dim     ,268643,200,500,518,30,12,0,0,2,2,1,1,0.9741993999999999,0.0091999769210815,0.203839652,0.00197729
nuswide,Dim     ,268643,200,500,518,40,12,0,0,2,2,1,1,1.5810463333333333,0.0084499716758728,0.17080752366666666,0.0026982960000000006
nuswide,Dim     ,268643,200,500,518,50,12,0,0,2,2,1,1,1.9877596999999998,0.0069000124931335,0.17186262966666666,0.0034127929999999995
nuswide,Dim     ,268643,200,500,518,70,12,0,0,2,2,1,1,2.712816033333333,0.006500005722045901,0.23005919166666666,0.006232692000000001
nuswide,Dim     ,268643,200,500,518,100,12,0,0,2,2,1,1,4.719310433333333,0.0062500238418579,0.2451913276666667,0.011568781
nuswide,Dim     ,268643,200,500,518,200,12,0,0,2,2,1,1,28.02058286666666,0.0060999989509583,0.22814850666666667,0.063890219
nuswide,Dim     ,268643,200,500,518,300,12,0,0,2,2,1,1,45.16281,0.0060499906539917,0.39379430266666665,0.177833091
nuswide,Dim     ,268643,200,500,518,400,12,0,0,2,2,1,1,79.16820273333333,0.0059000253677368,0.44804806533333336,0.354658836
nuswide,Dim     ,268643,200,500,518,500,12,0,0,2,2,1,1,111.98619843333331,0.0057500004768372,0.594132586,0.665054491
nuswide,Dim     ,268643,200,500,518,516,12,0,0,2,2,1,1,104.41728466666666,0.0019999742507935,0.6302429083333334,0.657550591
nuswide,Dim     ,268643,200,500,518,518,12,0,0,2,2,1,1,175.06340536666667,0.0,0.6240130993333333,1.091452495

dataset,mode,nb,nq,d,nlist,nprobe,divideIVF,orderOptimize,cut,block,worker,group,team,average_time_speedup,average_recall,average_query_time,average_original_time
glove25,Baseline,1183514,10000,25,1087,1,113,1,0,0,5,5,1,54.52721405,0.6421929895877838,0.0469404105,0.024959893
glove25,Baseline,1183514,10000,25,1087,3,113,1,0,0,5,5,1,80.8327179,0.3953269720077515,0.0678326245,0.054703033
glove25,Baseline,1183514,10000,25,1087,5,113,1,0,0,5,5,1,100.34253315000001,0.2883089780807495,0.0751212365,0.07489645
glove25,Baseline,1183514,10000,25,1087,10,113,1,0,0,5,5,1,161.27888485,0.1685619950294495,0.08020918099999999,0.129205554
glove25,Baseline,1183514,10000,25,1087,20,113,1,0,0,5,5,1,234.88180540000002,0.0849180221557617,0.09781975700000001,0.229546896
glove25,Baseline,1183514,10000,25,1087,30,113,1,0,0,5,5,1,350.73762515,0.052823007106781,0.098498196,0.327208305
glove25,Baseline,1183514,10000,25,1087,50,113,1,0,0,5,5,1,413.38938905,0.0260360240936279,0.1275651825,0.52322182
glove25,Baseline,1183514,10000,25,1087,100,113,1,0,0,5,5,1,473.57429505,0.0076760053634644,0.21248483299999998,0.999657417
glove25,Baseline,1183514,10000,25,1087,200,113,1,0,0,5,5,1,588.9106445499999,0.0014839768409729,0.342684049,2.002896857
glove25,Baseline,1183514,10000,25,1087,300,113,1,0,0,5,5,1,752.51727295,0.0004230141639709,0.41208120550000005,3.100975123
glove25,Baseline,1183514,10000,25,1087,400,113,1,0,0,5,5,1,880.18395995,0.0001270174980164,0.48991687,4.308047006
glove25,Baseline,1183514,10000,25,1087,500,113,1,0,0,5,5,1,813.0173035,4.89950180054e-05,0.6765531585,5.500477983
glove25,Baseline,1183514,10000,25,1087,700,113,1,0,0,5,5,1,960.33322145,1.10268592834e-05,0.7906311914999999,7.585435264
glove25,Baseline,1183514,10000,25,1087,1087,113,1,0,0,5,5,1,610.1084595,1.0132789612e-06,1.071018073,6.528895398

glove25,Group   ,1183514,10000,25,1087,3,113,1,1,1,5,5,5,63.92764285,0.3953269720077515,0.08557780300000001,0.054703033
glove25,Group   ,1183514,10000,25,1087,5,113,1,1,1,5,5,5,74.41820905,0.2883089780807495,0.101845091,0.07489645
glove25,Group   ,1183514,10000,25,1087,10,113,1,1,1,5,5,5,119.8659668,0.1685619950294495,0.10799229599999999,0.129205554
glove25,Group   ,1183514,10000,25,1087,20,113,1,1,1,5,5,5,136.25974275,0.0849170088768005,0.170142945,0.229546896
glove25,Group   ,1183514,10000,25,1087,30,113,1,1,1,5,5,5,208.49011230000002,0.0528219938278198,0.156949243,0.327208305
glove25,Group   ,1183514,10000,25,1087,50,113,1,1,1,5,5,5,278.68740845,0.0260350108146667,0.18914850300000002,0.52322182
glove25,Group   ,1183514,10000,25,1087,100,113,1,1,1,5,5,5,322.1758881,0.0076760053634644,0.310303769,0.999657417
glove25,Group   ,1183514,10000,25,1087,200,113,1,1,1,5,5,5,446.9530487,0.0014839768409729,0.450253445,2.002896857
glove25,Group   ,1183514,10000,25,1087,300,113,1,1,1,5,5,5,620.31018065,0.0004230141639709,0.50001528,3.100975123
glove25,Group   ,1183514,10000,25,1087,400,113,1,1,1,5,5,5,647.14624025,0.0001270174980164,0.666432047,4.308047006
glove25,Group   ,1183514,10000,25,1087,500,113,1,1,1,5,5,5,680.7513733000001,4.89950180054e-05,0.8080446195,5.500477983
glove25,Group   ,1183514,10000,25,1087,700,113,1,1,1,5,5,5,743.894043,1.10268592834e-05,1.019693194,7.585435264
glove25,Group   ,1183514,10000,25,1087,1087,113,1,1,1,5,5,5,489.4667358,1.0132789612e-06,1.336421454,6.528895398

glove25,Dim     ,1183514,10000,25,1087,3,113,0,0,5,5,1,1,34.1276321,0.3953269720077515,0.16028957,0.054703033
glove25,Dim     ,1183514,10000,25,1087,5,113,0,0,5,5,1,1,40.6678734,0.2883089780807495,0.184166135,0.07489645
glove25,Dim     ,1183514,10000,25,1087,10,113,0,0,5,5,1,1,51.9626465,0.1685619950294495,0.248650839,0.129205554
glove25,Dim     ,1183514,10000,25,1087,20,113,0,0,5,5,1,1,63.9779968,0.0849170088768005,0.358790367,0.229546896
glove25,Dim     ,1183514,10000,25,1087,30,113,0,0,5,5,1,1,71.9017029,0.0528219938278198,0.455077259,0.327208305
glove25,Dim     ,1183514,10000,25,1087,50,113,0,0,5,5,1,1,76.8685989,0.0260350108146667,0.680670452,0.52322182
glove25,Dim     ,1183514,10000,25,1087,100,113,0,0,5,5,1,1,83.8288422,0.0076749920845032,1.192498173,0.999657417
glove25,Dim     ,1183514,10000,25,1087,200,113,0,0,5,5,1,1,92.8815689,0.0014830231666565,2.156398522,2.002896857
glove25,Dim     ,1183514,10000,25,1087,300,113,0,0,5,5,1,1,109.2340317,0.0004220008850098,2.838836159,3.100975123
glove25,Dim     ,1183514,10000,25,1087,400,113,0,0,5,5,1,1,106.1805496,0.0001260042190552,4.057284558,4.308047006
glove25,Dim     ,1183514,10000,25,1087,500,113,0,0,5,5,1,1,102.4545593,4.79817390442e-05,5.368699982,5.500477983
glove25,Dim     ,1183514,10000,25,1087,700,113,0,0,5,5,1,1,122.8859787,1.00135803223e-05,6.172742792,7.585435264


dataset,mode,nb,nq,d,nlist,nprobe,divideIVF,orderOptimize,cut,block,worker,group,team,average_time_speedup,average_recall,average_query_time,average_original_time
glove1.2m,Baseline,1193514,1000,200,1092,1,62,1,0,0,8,8,1,45.90808105,0.8743100017309189,0.058513505,0.026809089
glove1.2m,Baseline,1193514,1000,200,1092,3,62,1,0,0,8,8,1,105.0475426,0.7942000031471252,0.0707551985,0.074282123
glove1.2m,Baseline,1193514,1000,200,1092,5,62,1,0,0,8,8,1,152.6535416,0.7549799978733063,0.0790342865,0.120118982
glove1.2m,Baseline,1193514,1000,200,1092,10,62,1,0,0,8,8,1,279.7287903,0.6768699884414673,0.082644371,0.231143559
glove1.2m,Baseline,1193514,1000,200,1092,20,62,1,0,0,8,8,1,424.60528565,0.5387600064277649,0.10994152,0.466809905
glove1.2m,Baseline,1193514,1000,200,1092,30,62,1,0,0,8,8,1,526.9038086,0.4409499764442444,0.135472069,0.697709146
glove1.2m,Baseline,1193514,1000,200,1092,50,62,1,0,0,8,8,1,676.8664245499999,0.3004500269889832,0.1738196535,1.176525422
glove1.2m,Baseline,1193514,1000,200,1092,100,62,1,0,0,8,8,1,725.0153198,0.1060000061988831,0.32200083599999996,2.32421448
glove1.2m,Baseline,1193514,1000,200,1092,200,62,1,0,0,8,8,1,750.28427125,0.0065900087356567,0.5765694164999999,4.298742853
glove1.2m,Baseline,1193514,1000,200,1092,300,62,1,0,0,8,8,1,830.23831175,0.000249981880188,0.706651413,5.866889126
glove1.2m,Baseline,1193514,1000,200,1092,400,62,1,0,0,8,8,1,889.2264404,1.00135803223e-05,0.8043937155,7.151055578
glove1.2m,Baseline,1193514,1000,200,1092,500,62,1,0,0,8,8,1,849.18606565,0.0,0.916131491,7.779525543
glove1.2m,Baseline,1193514,1000,200,1092,700,62,1,0,0,8,8,1,862.63256835,0.0,0.8665306755,7.444405934
glove1.2m,Baseline,1193514,1000,200,1092,900,62,1,0,0,8,8,1,1228.7286987500001,0.0,0.8577095335,10.536111889
glove1.2m,Baseline,1193514,1000,200,1092,1092,62,1,0,0,8,8,1,913.0707092,0.0,0.9039949195,8.182767524

glove1.2m,Group   ,1193514,1000,200,1092,1,62,1,1,2,8,4,4,15.3593121,0.8743100017309189,0.17454616,0.026809089
glove1.2m,Group   ,1193514,1000,200,1092,5,62,1,1,2,8,4,4,52.1835098,0.7549799978733063,0.230185716,0.120118982
glove1.2m,Group   ,1193514,1000,200,1092,10,62,1,1,2,8,4,4,98.2716522,0.6768699884414673,0.235208776,0.231143559
glove1.2m,Group   ,1193514,1000,200,1092,20,62,1,1,2,8,4,4,184.7107697,0.5387600064277649,0.252724785,0.466809905
glove1.2m,Group   ,1193514,1000,200,1092,30,62,1,1,2,8,4,4,237.3395081,0.4409499764442444,0.29397092,0.697709146
glove1.2m,Group   ,1193514,1000,200,1092,50,62,1,1,2,8,4,4,312.7270813,0.3004500269889832,0.376214744,1.176525422
glove1.2m,Group   ,1193514,1000,200,1092,100,62,1,1,2,8,4,4,580.5474854,0.1060000061988831,0.400348745,2.32421448
glove1.2m,Group   ,1193514,1000,200,1092,200,62,1,1,2,8,4,4,602.4802856,0.0065900087356567,0.71350764,4.298742853
glove1.2m,Group   ,1193514,1000,200,1092,300,62,1,1,2,8,4,4,596.2444458,0.000249981880188,0.983973829,5.866889126
glove1.2m,Group   ,1193514,1000,200,1092,400,62,1,1,2,8,4,4,748.2347412,1.00135803223e-05,0.955723567,7.151055578
glove1.2m,Group   ,1193514,1000,200,1092,500,62,1,1,2,8,4,4,753.420166,0.0,1.032561376,7.779525543
glove1.2m,Group   ,1193514,1000,200,1092,700,62,1,1,2,8,4,4,714.9175415,0.0,1.041295703,7.444405934
glove1.2m,Group   ,1193514,1000,200,1092,900,62,1,1,2,8,4,4,1120.2105713,0.0,0.940547434,10.536111889
glove1.2m,Group   ,1193514,1000,200,1092,1092,62,1,1,2,8,4,4,798.0158081,0.0,1.025389148,8.182767524

glove1.2m,Dim     ,1193514,1000,200,1092,1,62,0,0,8,8,1,1,19.6629796,0.8743100017309189,0.1436150155,0.026809089
glove1.2m,Dim     ,1193514,1000,200,1092,3,62,0,0,8,8,1,1,42.42766285,0.7942000031471252,0.19666316150000002,0.074282123
glove1.2m,Dim     ,1193514,1000,200,1092,5,62,0,0,8,8,1,1,102.79500965,0.7549799978733063,0.129064553,0.120118982
glove1.2m,Dim     ,1193514,1000,200,1092,10,62,0,0,8,8,1,1,172.19792174999998,0.6768699884414673,0.1377398055,0.231143559
glove1.2m,Dim     ,1193514,1000,200,1092,20,62,0,0,8,8,1,1,197.11135865,0.5387600064277649,0.23960409700000002,0.466809905
glove1.2m,Dim     ,1193514,1000,200,1092,30,62,0,0,8,8,1,1,208.54554745000002,0.4409499764442444,0.3435948735,0.697709146
glove1.2m,Dim     ,1193514,1000,200,1092,50,62,0,0,8,8,1,1,298.91133115,0.3004500269889832,0.393756728,1.176525422
glove1.2m,Dim     ,1193514,1000,200,1092,100,62,0,0,8,8,1,1,443.70329285,0.1060000061988831,0.525835069,2.32421448
glove1.2m,Dim     ,1193514,1000,200,1092,200,62,0,0,8,8,1,1,466.847641,0.0065900087356567,0.9213705034999999,4.298742853
glove1.2m,Dim     ,1193514,1000,200,1092,300,62,0,0,8,8,1,1,482.84472655,0.000249981880188,1.216297019,5.866889126
glove1.2m,Dim     ,1193514,1000,200,1092,400,62,0,0,8,8,1,1,512.76463315,1.00135803223e-05,1.3948907154999999,7.151055578
glove1.2m,Dim     ,1193514,1000,200,1092,500,62,0,0,8,8,1,1,533.2654723999999,0.0,1.459197467,7.779525543
glove1.2m,Dim     ,1193514,1000,200,1092,700,62,0,0,8,8,1,1,512.2945862,0.0,1.4539688565,7.444405934
glove1.2m,Dim     ,1193514,1000,200,1092,900,62,0,0,8,8,1,1,726.9877929500001,0.0,1.449703132,10.536111889
glove1.2m,Dim     ,1193514,1000,200,1092,1092,62,0,0,8,8,1,1,560.85339355,0.0,1.459502742,8.182767524


dataset,mode,nb,nq,d,nlist,nprobe,divideIVF,orderOptimize,UnblockSend,cut,block,worker,group,team,average_time_speedup,average_recall,average_query_time,average_original_time,average_variance
glove2.2m,Baseline,2196017,1000,300,1481,1,0,1,1,0,0,4,4,1,54.1014252,0.7660100013017654,0.10808464,0.058475331,1.1628913863969879
glove2.2m,Baseline,2196017,1000,300,1481,3,0,1,1,0,0,4,4,1,145.4765015,0.6781100034713745,0.127454281,0.185416032,3.3019365937004177
glove2.2m,Baseline,2196017,1000,300,1481,5,0,1,1,0,0,4,4,1,223.5308685,0.6344799995422363,0.13754115,0.307446924,5.696553197048642
glove2.2m,Baseline,2196017,1000,300,1481,10,0,1,1,0,0,4,4,1,339.4382324,0.570609986782074,0.182584619,0.619762026,12.23178289294066
glove2.2m,Baseline,2196017,1000,300,1481,20,0,1,1,0,0,4,4,1,446.3150635,0.4855300188064575,0.279361682,1.246833281,27.488211474536673
glove2.2m,Baseline,2196017,1000,300,1481,30,0,1,1,0,0,4,4,1,481.9506226,0.4285600185394287,0.389031546,1.874939985,43.842102807730654
glove2.2m,Baseline,2196017,1000,300,1481,50,0,1,1,0,0,4,4,1,551.5619507,0.3475800156593323,0.562729628,3.103802383,75.0948685803712
glove2.2m,Baseline,2196017,1000,300,1481,100,0,1,1,0,0,4,4,1,553.2349854,0.2186800241470337,1.037457226,5.739576326,137.90412843946265
glove2.2m,Baseline,2196017,1000,300,1481,200,0,1,1,0,0,4,4,1,476.6407471,0.0897899866104126,2.05052351,9.773630531,232.22423641935444
glove2.2m,Baseline,2196017,1000,300,1481,300,0,1,1,0,0,4,4,1,508.8671875,0.0202699899673462,2.541239478,12.93153385,305.09169522025076
glove2.2m,Baseline,2196017,1000,300,1481,400,0,1,1,0,0,4,4,1,477.9753723,0.0035099983215332,3.196635258,15.279129641,362.5115487124418
glove2.2m,Baseline,2196017,1000,300,1481,500,0,1,1,0,0,4,4,1,466.2514954,0.0009700059890747,3.710398597,17.299789377,407.41902872792417
glove2.2m,Baseline,2196017,1000,300,1481,700,0,1,1,0,0,4,4,1,431.0622253,6.99758529663e-05,4.442346724,19.149279232,459.6371093788518
glove2.2m,Baseline,2196017,1000,300,1481,1481,0,1,1,0,0,4,4,1,424.8132324,2.00271606445e-05,4.882009671,20.739423475,0.0

glove2.2m,Group   ,2196017,1000,300,1481,10,0,1,1,1,2,4,2,2,114.7556229,0.570609986782074,0.54007116,0.619762026,12.23178289294066
glove2.2m,Group   ,2196017,1000,300,1481,20,0,1,1,1,2,4,2,2,218.2466278,0.4855300188064575,0.571295534,1.246833281,27.488211474536673
glove2.2m,Group   ,2196017,1000,300,1481,30,0,1,1,1,2,4,2,2,277.6379089,0.4285600185394287,0.675318439,1.874939985,43.842102807730654
glove2.2m,Group   ,2196017,1000,300,1481,50,0,1,1,1,2,4,2,2,355.9696045,0.3475800156593323,0.871929065,3.103802383,75.0948685803712
glove2.2m,Group   ,2196017,1000,300,1481,100,0,1,1,1,2,4,2,2,484.4341125,0.2186800241470337,1.184800166,5.739576326,137.90412843946265
glove2.2m,Group   ,2196017,1000,300,1481,200,0,1,1,1,2,4,2,2,448.1658936,0.0897799730300903,2.180806383,9.773630531,232.22423641935444
glove2.2m,Group   ,2196017,1000,300,1481,300,0,1,1,1,2,4,2,2,466.4098511,0.0202599763870239,2.772568763,12.93153385,305.09169522025076
glove2.2m,Group   ,2196017,1000,300,1481,400,0,1,1,1,2,4,2,2,457.5314331,0.0035099983215332,3.339471003,15.279129641,362.5115487124418
glove2.2m,Group   ,2196017,1000,300,1481,500,0,1,1,1,2,4,2,2,471.5468445,0.0009700059890747,3.668731947,17.299789377,407.41902872792417
glove2.2m,Group   ,2196017,1000,300,1481,700,0,1,1,1,2,4,2,2,404.1200562,6.99758529663e-05,4.738512295,19.149279232,459.6371093788518
glove2.2m,Group   ,2196017,1000,300,1481,1481,0,1,1,1,2,4,2,2,368.4581909,2.00271606445e-05,5.628704656,20.739423475,0.0

glove2.2m,Dim     ,2196017,1000,300,1481,5,0,0,0,0,8,4,1,1,24.5590668,0.6344799995422363,1.251867284,0.307446924,5.696553197048642
glove2.2m,Dim     ,2196017,1000,300,1481,10,0,0,0,0,8,4,1,1,45.6487503,0.570609986782074,1.357675728,0.619762026,12.23178289294066
glove2.2m,Dim     ,2196017,1000,300,1481,20,0,0,0,0,8,4,1,1,82.6350327,0.4855300188064575,1.508843388,1.246833281,27.488211474536673
glove2.2m,Dim     ,2196017,1000,300,1481,30,0,0,0,0,8,4,1,1,113.3750381,0.4285500049591064,1.653750205,1.874939985,43.842102807730654
glove2.2m,Dim     ,2196017,1000,300,1481,50,0,0,0,0,8,4,1,1,159.0760651,0.34757000207901,1.951143601,3.103802383,75.0948685803712
glove2.2m,Dim     ,2196017,1000,300,1481,100,0,0,0,0,8,4,1,1,110.1035767,0.2186700105667114,5.212888338,5.739576326,137.90412843946265
glove2.2m,Dim     ,2196017,1000,300,1481,200,0,0,0,0,8,4,1,1,208.7023315,0.0897700190544128,4.683048249,9.773630531,232.22423641935444
glove2.2m,Dim     ,2196017,1000,300,1481,300,0,0,0,0,8,4,1,1,206.8456116,0.0202500224113464,6.251780768,12.93153385,305.09169522025076
glove2.2m,Dim     ,2196017,1000,300,1481,400,0,0,0,0,8,4,1,1,209.8135529,0.0035099983215332,7.28224171,15.279129641,362.5115487124418
glove2.2m,Dim     ,2196017,1000,300,1481,500,0,0,0,0,8,4,1,1,216.8378143,0.0009700059890747,7.978215998,17.299789377,407.41902872792417
glove2.2m,Dim     ,2196017,1000,300,1481,700,0,0,0,0,8,4,1,1,201.9417877,6.99758529663e-05,9.482573938,19.149279232,459.6371093788518
glove2.2m,Dim     ,2196017,1000,300,1481,1481,0,0,0,0,8,4,1,1,223.6645508,2.00271606445e-05,9.27255725,20.739423475,0.0

dataset,mode,nb,nq,d,nlist,nprobe,divideIVF,orderOptimize,UnblockSend,cut,block,worker,group,team,average_time_speedup,average_recall,average_query_time,average_original_time,average_variance
deep1M,Baseline,1000000,1000,256,1000,1,7,1,1,0,0,4,4,1,38.2258568,0.7025800049304962,0.030473362,0.011648704,1.0714476188783097
deep1M,Baseline,1000000,1000,256,1000,3,7,1,1,0,0,4,4,1,70.5630493,0.4606800079345703,0.043794325,0.030902611,1.9328735085359312
deep1M,Baseline,1000000,1000,256,1000,5,7,1,1,0,0,4,4,1,109.5913086,0.3476700186729431,0.046683111,0.051160631,2.772002886001384
deep1M,Baseline,1000000,1000,256,1000,10,7,1,1,0,0,4,4,1,165.9625397,0.210070013999939,0.058861443,0.097687949,4.686576575710675
deep1M,Baseline,1000000,1000,256,1000,20,7,1,1,0,0,4,4,1,321.3208008,0.1085799932479858,0.07815361,0.251123797,8.528657573147136
deep1M,Baseline,1000000,1000,256,1000,30,7,1,1,0,0,4,4,1,272.5126953,0.0683900117874146,0.100975182,0.275170201,12.507757592790163
deep1M,Baseline,1000000,1000,256,1000,50,7,1,1,0,0,4,4,1,329.8381348,0.0343700051307678,0.135663011,0.447468343,20.627263512157885
deep1M,Baseline,1000000,1000,256,1000,100,7,1,1,0,0,4,4,1,376.5194702,0.0102499723434448,0.229807953,0.865271714,42.21416823769006
deep1M,Baseline,1000000,1000,256,1000,200,7,1,1,0,0,4,4,1,414.1094055,0.0021299719810486,0.404520517,1.675157485,85.28861588746766
deep1M,Baseline,1000000,1000,256,1000,300,7,1,1,0,0,4,4,1,464.1396484,0.0006899833679199,0.535105423,2.483636374,124.65013437618109
deep1M,Baseline,1000000,1000,256,1000,400,7,1,1,0,0,4,4,1,453.6463013,0.0001699924468994,0.72052598,3.268639526,158.02043538732576
deep1M,Baseline,1000000,1000,256,1000,500,7,1,1,0,0,4,4,1,446.8621216,2.9981136322e-05,0.8919187,3.985646798,182.5602147238001
deep1M,Baseline,1000000,1000,256,1000,700,7,1,1,0,0,4,4,1,439.6902771,0.0,1.215982346,5.346555973,196.81647796869044
deep1M,Baseline,1000000,1000,256,1000,1000,7,1,1,0,0,4,4,1,502.9072571,0.0,1.71159411,8.607731194,0.0

deep1M,Group   ,1000000,1000,256,1000,10,7,1,1,1,4,4,2,2,23.6445045,0.210070013999939,0.413152865,0.097687949,4.686576575710675
deep1M,Group   ,1000000,1000,256,1000,20,7,1,1,1,4,4,2,2,68.1769867,0.1086000204086304,0.368341013,0.251123797,8.53346354067327
deep1M,Group   ,1000000,1000,256,1000,30,7,1,1,1,4,4,2,2,89.9117432,0.0681099891662598,0.306044776,0.275170201,12.512074168578126
deep1M,Group   ,1000000,1000,256,1000,50,7,1,1,1,4,4,2,2,131.6158752,0.0344200134277344,0.339980521,0.447468343,20.65744417879424
deep1M,Group   ,1000000,1000,256,1000,100,7,1,1,1,4,4,2,2,188.1430664,0.0102999806404114,0.459900917,0.865271714,42.2342751802372
deep1M,Group   ,1000000,1000,256,1000,200,7,1,1,1,4,4,2,2,276.2710571,0.0021299719810486,0.606345648,1.675157485,85.28861588746766
deep1M,Group   ,1000000,1000,256,1000,300,7,1,1,1,4,4,2,2,305.9655457,0.0006300210952759,0.811737245,2.483636374,124.61077000002848
deep1M,Group   ,1000000,1000,256,1000,400,7,1,1,1,4,4,2,2,329.124939,0.0001599788665771,0.993130302,3.268639526,158.08282006593885
deep1M,Group   ,1000000,1000,256,1000,500,7,1,1,1,4,4,2,2,354.6619568,2.9981136322e-05,1.123787511,3.985646798,182.50987918466222
deep1M,Group   ,1000000,1000,256,1000,700,7,1,1,1,4,4,2,2,358.1975098,0.0,1.492627909,5.346555973,196.87657046992666
deep1M,Group   ,1000000,1000,256,1000,1000,7,1,1,1,4,4,2,2,407.0726013,0.0,2.114544427,8.607731194,0.0

deep1M,Dim     ,1000000,1000,256,1000,10,7,0,0,0,4,4,1,1,9.9176483,0.2100600004196167,0.984991068,0.097687949,4.686576575710675
deep1M,Dim     ,1000000,1000,256,1000,20,7,0,0,0,4,4,1,1,24.7723484,0.1085799932479858,1.013726208,0.251123797,8.528657573147136
deep1M,Dim     ,1000000,1000,256,1000,30,7,0,0,0,4,4,1,1,27.0084591,0.0681099891662598,1.018829681,0.275170201,12.512074168578126
deep1M,Dim     ,1000000,1000,256,1000,50,7,0,0,0,4,4,1,1,40.7727509,0.0344799757003784,1.097469089,0.447468343,20.644515010045648
deep1M,Dim     ,1000000,1000,256,1000,100,7,0,0,0,4,4,1,1,73.2348022,0.0102800130844116,1.181503438,0.865271714,42.23178897465747
deep1M,Dim     ,1000000,1000,256,1000,200,7,0,0,0,4,4,1,1,120.8591843,0.0021299719810486,1.386040713,1.675157485,85.28861588746766
deep1M,Dim     ,1000000,1000,256,1000,300,7,0,0,0,4,4,1,1,146.2440643,0.0006300210952759,1.69828177,2.483636374,124.61077000002848
deep1M,Dim     ,1000000,1000,256,1000,400,7,0,0,0,4,4,1,1,169.6757355,0.0001599788665771,1.926403634,3.268639526,158.1581992816054
deep1M,Dim     ,1000000,1000,256,1000,500,7,0,0,0,4,4,1,1,184.1092072,2.9981136322e-05,2.164827532,3.985646798,182.47349944580995
deep1M,Dim     ,1000000,1000,256,1000,700,7,0,0,0,4,4,1,1,206.9673615,0.0,2.58328463,5.346555973,196.86487243792376
deep1M,Dim     ,1000000,1000,256,1000,1000,7,0,0,0,4,4,1,1,246.0957336,0.0,3.49771661,8.607731194,0.0



dataset,mode,nb,nq,d,nlist,nprobe,divideIVF,orderOptimize,UnblockSend,cut,block,worker,group,team,average_time_speedup,average_recall,average_query_time,average_original_time,average_variance
HandOutlines,Group   ,500000,370,2712,707,10,232,1,1,1,5,4,2,2,8.7676096,0.0014864802360535,1.080672533,0.094749153,16.34279585220454
HandOutlines,Group   ,500000,370,2712,707,20,232,1,1,1,5,4,2,2,14.8410997,2.70009040833e-05,1.22989249,0.182529574,29.697007618663847
HandOutlines,Group   ,500000,370,2712,707,30,232,1,1,1,5,4,2,2,53.2827492,2.70009040833e-05,1.234380969,0.657712135,43.44699464503606
HandOutlines,Group   ,500000,370,2712,707,50,232,1,1,1,5,4,2,2,53.19664,2.70009040833e-05,1.431697599,0.761614991,70.09749026005481
HandOutlines,Group   ,500000,370,2712,707,100,232,1,1,1,5,4,2,2,55.7873459,2.70009040833e-05,1.810057792,1.00978318,122.09031149659968
HandOutlines,Group   ,500000,370,2712,707,200,232,1,1,1,5,4,2,2,89.1791992,2.70009040833e-05,1.822772639,1.62553401,166.05676713905328
HandOutlines,Group   ,500000,370,2712,707,300,232,1,1,1,5,4,2,2,127.7756271,2.70009040833e-05,1.879542992,2.401597914,182.32998125119963
HandOutlines,Group   ,500000,370,2712,707,400,232,1,1,1,5,4,2,2,153.9545288,2.70009040833e-05,1.993164027,3.068566269,182.83956823655288
HandOutlines,Group   ,500000,370,2712,707,500,232,1,1,1,5,4,2,2,192.0840759,2.70009040833e-05,1.864296401,3.581016389,167.7709868642907
HandOutlines,Group   ,500000,370,2712,707,700,232,1,1,1,5,4,2,2,460.894928,2.70009040833e-05,2.447207513,11.279055354,35.61379119556447
HandOutlines,Group   ,500000,370,2712,707,707,232,1,1,1,5,4,2,2,144.4434052,2.70009040833e-05,7.139624079,10.312715995,0.0

HandOutlines,Baseline,500000,370,2712,707,1,232,1,1,0,0,4,4,1,14.4939079,0.383783757686615,0.084834396,0.012295819,2.3068574122642143
HandOutlines,Baseline,500000,370,2712,707,3,232,1,1,0,0,4,4,1,22.3418941,0.0957837700843811,0.148178009,0.033105773,5.904387204448407
HandOutlines,Baseline,500000,370,2712,707,5,232,1,1,0,0,4,4,1,38.4943428,0.0302972793579102,0.13525187,0.052064321,9.125180283829712
HandOutlines,Baseline,500000,370,2712,707,10,232,1,1,0,0,4,4,1,49.2937622,0.0014864802360535,0.192213271,0.094749153,16.34279585220454
HandOutlines,Baseline,500000,370,2712,707,20,232,1,1,0,0,4,4,1,58.6199226,2.70009040833e-05,0.31137805,0.182529574,29.697007618663847
HandOutlines,Baseline,500000,370,2712,707,30,232,1,1,0,0,4,4,1,156.2770691,2.70009040833e-05,0.420862853,0.657712135,43.44699464503606
HandOutlines,Baseline,500000,370,2712,707,50,232,1,1,0,0,4,4,1,117.5581284,2.70009040833e-05,0.647862486,0.761614991,70.09749026005481
HandOutlines,Baseline,500000,370,2712,707,100,232,1,1,0,0,4,4,1,93.1469574,2.70009040833e-05,1.084075368,1.00978318,122.09031149659968
HandOutlines,Baseline,500000,370,2712,707,200,232,1,1,0,0,4,4,1,151.7102203,2.70009040833e-05,1.071473024,1.62553401,166.05676713905328
HandOutlines,Baseline,500000,370,2712,707,300,232,1,1,0,0,4,4,1,226.6418152,2.70009040833e-05,1.059644682,2.401597914,182.32998125119963
HandOutlines,Baseline,500000,370,2712,707,400,232,1,1,0,0,4,4,1,286.6525879,2.70009040833e-05,1.070482724,3.068566269,182.83956823655288
HandOutlines,Baseline,500000,370,2712,707,500,232,1,1,0,0,4,4,1,334.0619812,2.70009040833e-05,1.071961632,3.581016389,167.7709868642907
HandOutlines,Baseline,500000,370,2712,707,700,232,1,1,0,0,4,4,1,454.7278137,2.70009040833e-05,2.480397029,11.279055354,35.61379119556447
HandOutlines,Baseline,500000,370,2712,707,707,232,1,1,0,0,4,4,1,93.3670883,2.70009040833e-05,11.04534391,10.312715995,0.0

HandOutlines,Dim     ,500000,370,2712,707,10,232,0,0,0,10,4,1,1,11.9434443,0.0014594793319702,0.793315122,0.094749153,16.34279585220454
HandOutlines,Dim     ,500000,370,2712,707,20,232,0,0,0,10,4,1,1,19.7041073,0.0,0.926352959,0.182529574,29.697007618663847
HandOutlines,Dim     ,500000,370,2712,707,30,232,0,0,0,10,4,1,1,63.9663963,0.0,1.028215075,0.657712135,43.44699464503606
HandOutlines,Dim     ,500000,370,2712,707,50,232,0,0,0,10,4,1,1,53.3713303,0.0,1.42701148,0.761614991,70.09749026005481
HandOutlines,Dim     ,500000,370,2712,707,100,232,0,0,0,10,4,1,1,55.0927544,0.0,1.832878336,1.00978318,122.09031149659968
HandOutlines,Dim     ,500000,370,2712,707,200,232,0,0,0,10,4,1,1,81.7533188,0.0,1.988340008,1.62553401,166.05676713905328
HandOutlines,Dim     ,500000,370,2712,707,300,232,0,0,0,10,4,1,1,126.1682358,0.0,1.903488541,2.401597914,182.32998125119963
HandOutlines,Dim     ,500000,370,2712,707,400,232,0,0,0,10,4,1,1,151.5898285,0.0,2.024255994,3.068566269,182.83956823655288
HandOutlines,Dim     ,500000,370,2712,707,500,232,0,0,0,10,4,1,1,190.4948425,0.0,1.879849513,3.581016389,167.7709868642907
HandOutlines,Dim     ,500000,370,2712,707,700,232,0,0,0,10,4,1,1,375.7582092,0.0,3.001678937,11.279055354,35.61379119556447
HandOutlines,Dim     ,500000,370,2712,707,707,232,0,0,0,10,4,1,1,185.8708038,0.0,5.548324884,10.312715995,0.0


dataset,mode,nb,nq,d,nlist,nprobe,divideIVF,orderOptimize,UnblockSend,cut,block,worker,group,team,average_time_speedup,average_recall,average_query_time,average_original_time,average_variance
StarLightCurves,Group   ,823600,1000,1024,907,10,7,1,1,1,4,4,2,2,86.2591782,0.0171800255775452,0.655527397,0.56545254,9.688899339261065
StarLightCurves,Group   ,823600,1000,1024,907,20,7,1,1,1,4,4,2,2,138.7543182,0.0015000104904175,0.75567872,1.04853681,16.68858904904265
StarLightCurves,Group   ,823600,1000,1024,907,30,7,1,1,1,4,4,2,2,174.0865021,0.0,0.867149255,1.509589759,22.846251633497875
StarLightCurves,Group   ,823600,1000,1024,907,50,7,1,1,1,4,4,2,2,222.7540741,0.0,1.053358249,2.346398344,33.20894426222706
StarLightCurves,Group   ,823600,1000,1024,907,100,7,1,1,1,4,4,2,2,331.5234375,0.0,1.289695736,4.27564382,53.74099422879634
StarLightCurves,Group   ,823600,1000,1024,907,200,7,1,1,1,4,4,2,2,369.2715149,0.0,2.174310681,8.029109803,75.67538391273229
StarLightCurves,Group   ,823600,1000,1024,907,300,7,1,1,1,4,4,2,2,426.7940063,0.0,2.692797888,11.492699901,109.11938316568177
StarLightCurves,Group   ,823600,1000,1024,907,400,7,1,1,1,4,4,2,2,489.6279297,0.0,3.127256823,15.311923047,206.92398514184055
StarLightCurves,Group   ,823600,1000,1024,907,500,7,1,1,1,4,4,2,2,510.3189392,0.0,3.652329425,18.638529137,249.80492917889862
StarLightCurves,Group   ,823600,1000,1024,907,700,7,1,1,1,4,4,2,2,510.9425659,0.0,4.821430763,24.634742374,240.390802081369
StarLightCurves,Group   ,823600,1000,1024,907,907,7,1,1,1,4,4,2,2,563.4702148,0.0,5.770688799,32.516113884,0.0

StarLightCurves,Baseline,823600,1000,1024,907,1,7,1,1,0,0,4,4,1,76.059288,0.4795399904251099,0.088390765,0.067229384,1.5825203432526997
StarLightCurves,Baseline,823600,1000,1024,907,3,7,1,1,0,0,4,4,1,143.7234039,0.1635699868202209,0.12945427,0.186056088,3.698859669365604
StarLightCurves,Baseline,823600,1000,1024,907,5,7,1,1,0,0,4,4,1,177.821579,0.0713199973106384,0.169302353,0.301056108,5.578408148817351
StarLightCurves,Baseline,823600,1000,1024,907,10,7,1,1,0,0,4,4,1,252.5817108,0.0171800255775452,0.223869155,0.56545254,9.688899339261065
StarLightCurves,Baseline,823600,1000,1024,907,20,7,1,1,0,0,4,4,1,331.7059631,0.0015000104904175,0.316104293,1.04853681,16.68858904904265
StarLightCurves,Baseline,823600,1000,1024,907,30,7,1,1,0,0,4,4,1,337.3489075,0.0,0.4474862,1.509589759,22.846251633497875
StarLightCurves,Baseline,823600,1000,1024,907,50,7,1,1,0,0,4,4,1,396.1675415,0.0,0.592274268,2.346398344,33.20894426222706
StarLightCurves,Baseline,823600,1000,1024,907,100,7,1,1,0,0,4,4,1,439.7464294,0.0,0.972297567,4.27564382,53.74099422879634
StarLightCurves,Baseline,823600,1000,1024,907,200,7,1,1,0,0,4,4,1,464.7401428,0.0,1.727655796,8.029109803,75.67538391273229
StarLightCurves,Baseline,823600,1000,1024,907,300,7,1,1,0,0,4,4,1,455.9424744,0.0,2.520646937,11.492699901,109.11938316568177
StarLightCurves,Baseline,823600,1000,1024,907,400,7,1,1,0,0,4,4,1,460.9787292,0.0,3.32161172,15.311923047,206.92398514184055
StarLightCurves,Baseline,823600,1000,1024,907,500,7,1,1,0,0,4,4,1,466.2424316,0.0,3.99760454,18.638529137,249.80492917889862
StarLightCurves,Baseline,823600,1000,1024,907,700,7,1,1,0,0,4,4,1,474.4430237,0.0,5.192350035,24.634742374,240.390802081369
StarLightCurves,Baseline,823600,1000,1024,907,907,7,1,1,0,0,4,4,1,483.489563,0.0,6.725297862,32.516113884,0.0

StarLightCurves,Dim     ,823600,1000,1024,907,10,7,0,0,0,4,4,1,1,32.8296852,0.0171800255775452,1.722381868,0.56545254,9.688899339261065
StarLightCurves,Dim     ,823600,1000,1024,907,20,7,0,0,0,4,4,1,1,53.0568008,0.0015000104904175,1.976253388,1.04853681,16.68858904904265
StarLightCurves,Dim     ,823600,1000,1024,907,30,7,0,0,0,4,4,1,1,75.2181931,0.0,2.006947744,1.509589759,22.846251633497875
StarLightCurves,Dim     ,823600,1000,1024,907,50,7,0,0,0,4,4,1,1,101.9266357,0.0,2.302046351,2.346398344,33.20894426222706
StarLightCurves,Dim     ,823600,1000,1024,907,100,7,0,0,0,4,4,1,1,164.2174377,0.0,2.603647853,4.27564382,53.74099422879634
StarLightCurves,Dim     ,823600,1000,1024,907,200,7,0,0,0,4,4,1,1,211.1557312,0.0,3.802458953,8.029109803,75.67538391273229
StarLightCurves,Dim     ,823600,1000,1024,907,300,7,0,0,0,4,4,1,1,262.1299133,0.0,4.384352605,11.492699901,109.11938316568177
StarLightCurves,Dim     ,823600,1000,1024,907,400,7,0,0,0,4,4,1,1,292.1242371,0.0,5.241578936,15.311923047,206.92398514184055
StarLightCurves,Dim     ,823600,1000,1024,907,500,7,0,0,0,4,4,1,1,314.7511902,0.0,5.921670515,18.638529137,249.80492917889862
StarLightCurves,Dim     ,823600,1000,1024,907,700,7,0,0,0,4,4,1,1,307.2060852,0.0,8.018962974,24.634742374,240.390802081369
StarLightCurves,Dim     ,823600,1000,1024,907,907,7,0,0,0,4,4,1,1,373.084198,0.0,8.715489119,32.516113884,0.0

dataset,mode,nb,nq,d,nlist,nprobe,divideIVF,orderOptimize,UnblockSend,cut,block,worker,group,team,average_time_speedup,average_recall,average_query_time,average_original_time,average_variance
fasion_mnist_784,Group   ,60000,10000,784,244,3,0,1,1,1,4,4,2,2,63.5051765,0.1733959913253784,0.458457121,0.291144001,61.14379081367006
fasion_mnist_784,Group   ,60000,10000,784,244,5,0,1,1,1,4,4,2,2,74.8860245,0.0740609765052795,0.623453335,0.466879426,101.84869766375122
fasion_mnist_784,Group   ,60000,10000,784,244,10,0,1,1,1,4,4,2,2,128.6047974,0.0144400000572205,0.693633771,0.892046312,204.26194050438932
fasion_mnist_784,Group   ,60000,10000,784,244,20,0,1,1,1,4,4,2,2,203.9810944,0.0015789866447449,0.835809929,1.704894251,405.4021468847161
fasion_mnist_784,Group   ,60000,10000,784,244,30,0,1,1,1,4,4,2,2,263.9051819,0.0002880096435547,0.94627858,2.49727828,588.8535992997105
fasion_mnist_784,Group   ,60000,10000,784,244,50,0,1,1,1,4,4,2,2,348.7953796,1.6987323761e-05,1.177840088,4.108251919,942.0933398153724
fasion_mnist_784,Group   ,60000,10000,784,244,100,0,1,1,1,4,4,2,2,511.3398132,2.0265579224e-06,1.531541317,7.831380679,1725.3419906446195
fasion_mnist_784,Group   ,60000,10000,784,244,200,0,1,1,1,4,4,2,2,373.4841614,2.0265579224e-06,2.551805214,9.530588503,1720.1098814610418
fasion_mnist_784,Group   ,60000,10000,784,244,244,0,1,1,1,4,4,2,2,663.7210693,2.0265579224e-06,2.727153469,18.100691639,0.0

fasion_mnist_784,Dim     ,60000,10000,784,244,3,0,0,0,0,4,4,1,1,59.5826721,0.1721839904785156,0.48863871,0.291144001,61.14379081367006
fasion_mnist_784,Dim     ,60000,10000,784,244,5,0,0,0,0,4,4,1,1,79.2770615,0.0729110240936279,0.588921224,0.466879426,101.84869766375122
fasion_mnist_784,Dim     ,60000,10000,784,244,10,0,0,0,0,4,4,1,1,151.042572,0.0144400000572205,0.590592631,0.892046312,204.26194050438932
fasion_mnist_784,Dim     ,60000,10000,784,244,20,0,0,0,0,4,4,1,1,218.7608185,0.0015789866447449,0.779341669,1.704894251,405.4021468847161
fasion_mnist_784,Dim     ,60000,10000,784,244,30,0,0,0,0,4,4,1,1,283.5315857,0.0002880096435547,0.880776076,2.49727828,588.8535992997105
fasion_mnist_784,Dim     ,60000,10000,784,244,50,0,0,0,0,4,4,1,1,381.3084412,1.6987323761e-05,1.07740908,4.108251919,942.0933398153724
fasion_mnist_784,Dim     ,60000,10000,784,244,100,0,0,0,0,4,4,1,1,488.9348755,2.0265579224e-06,1.601722629,7.831380679,1725.3419906446195
fasion_mnist_784,Dim     ,60000,10000,784,244,200,0,0,0,0,4,4,1,1,359.39151,2.0265579224e-06,2.651868072,9.530588503,1720.1098814610418
fasion_mnist_784,Dim     ,60000,10000,784,244,244,0,0,0,0,4,4,1,1,637.5134888,2.0265579224e-06,2.839264106,18.100691639,0.0

fasion_mnist_784,Baseline,60000,10000,784,244,1,0,1,1,0,0,4,4,1,73.3449631,0.5018100142478943,0.152930627,0.11216691,20.117883572875165
fasion_mnist_784,Baseline,60000,10000,784,244,3,0,1,1,0,0,4,4,1,158.3007507,0.1721839904785156,0.183918274,0.291144001,61.14379081367006
fasion_mnist_784,Baseline,60000,10000,784,244,5,0,1,1,0,0,4,4,1,219.8528442,0.0729110240936279,0.212359959,0.466879426,101.84869766375122
fasion_mnist_784,Baseline,60000,10000,784,244,10,0,1,1,0,0,4,4,1,310.1319275,0.0144410133361816,0.287634463,0.892046312,204.26194050438932
fasion_mnist_784,Baseline,60000,10000,784,244,20,0,1,1,0,0,4,4,1,445.3511658,0.0015789866447449,0.382820195,1.704894251,405.4021468847161
fasion_mnist_784,Baseline,60000,10000,784,244,30,0,1,1,0,0,4,4,1,472.9219055,0.0002880096435547,0.528052985,2.49727828,588.8535992997105
fasion_mnist_784,Baseline,60000,10000,784,244,50,0,1,1,0,0,4,4,1,541.7151489,1.6987323761e-05,0.758378608,4.108251919,942.0933398153724
fasion_mnist_784,Baseline,60000,10000,784,244,100,0,1,1,0,0,4,4,1,587.4797363,2.0265579224e-06,1.333046931,7.831380679,1725.3419906446195
fasion_mnist_784,Baseline,60000,10000,784,244,200,0,1,1,0,0,4,4,1,407.04776,2.0265579224e-06,2.341393236,9.530588503,1720.1098814610418
fasion_mnist_784,Baseline,60000,10000,784,244,244,0,1,1,0,0,4,4,1,620.9258118,2.0265579224e-06,2.9151453160000003,18.100691639,0.0

dataset,mode,nb,nq,d,nlist,nprobe,divideIVF,orderOptimize,UnblockSend,cut,block,worker,group,team,average_time_speedup,average_recall,average_query_time,average_original_time,average_variance
word2vec,Baseline,1000000,1000,300,1000,1,0,1,1,0,0,4,4,1,71.0558014,0.7213000059127808,0.075987611,0.053993608,1.8777646284878198
word2vec,Baseline,1000000,1000,300,1000,3,0,1,1,0,0,4,4,1,122.3729782,0.4290099740028381,0.122884966,0.150377995,5.975951807034591
word2vec,Baseline,1000000,1000,300,1000,5,0,1,1,0,0,4,4,1,164.2784729,0.2797799706459045,0.15469614,0.254132453,10.822569011098983
word2vec,Baseline,1000000,1000,300,1000,10,0,1,1,0,0,4,4,1,196.6661377,0.1267300248146057,0.250164753,0.491989361,23.037534590315865
word2vec,Baseline,1000000,1000,300,1000,20,0,1,1,0,0,4,4,1,271.2844543,0.0462499856948853,0.353341507,0.958560588,47.92446139499118
word2vec,Baseline,1000000,1000,300,1000,30,0,1,1,0,0,4,4,1,267.0449219,0.0226399898529053,0.549583605,1.467635067,72.50148963986878
word2vec,Baseline,1000000,1000,300,1000,50,0,1,1,0,0,4,4,1,330.9718933,0.0081700086593628,0.71508868,2.366742534,117.59482981832151
word2vec,Baseline,1000000,1000,300,1000,100,0,1,1,0,0,4,4,1,359.4048767,0.0018900036811829,1.096733613,3.941714157,209.88825121954778
word2vec,Baseline,1000000,1000,300,1000,200,0,1,1,0,0,4,4,1,436.4933167,0.0002800226211548,1.29858577,5.668240062,334.2866823551306
word2vec,Baseline,1000000,1000,300,1000,300,0,1,1,0,0,4,4,1,399.9404602,6.99758529663e-05,1.645720038,6.581900059,398.8695049762516
word2vec,Baseline,1000000,1000,300,1000,400,0,1,1,0,0,4,4,1,471.7299805,2.9981136322e-05,1.79449531,8.46517257,428.865335507546
word2vec,Baseline,1000000,1000,300,1000,500,0,1,1,0,0,4,4,1,692.7466431,2.00271606445e-05,1.704685416,11.80915087,443.5436573777152
word2vec,Baseline,1000000,1000,300,1000,700,0,1,1,0,0,4,4,1,454.9873962,0.0,2.04314662,9.296059455,415.61251424854856
word2vec,Baseline,1000000,1000,300,1000,1000,0,1,1,0,0,4,4,1,536.6710815,0.0,1.863366,10.000146033,0.0

word2vec,Group   ,1000000,1000,300,1000,3,0,1,1,1,4,4,2,2,53.8862648,0.4290099740028381,0.279065535,0.150377995,5.975951807034591
word2vec,Group   ,1000000,1000,300,1000,5,0,1,1,1,4,4,2,2,77.6201248,0.2798500061035156,0.327405368,0.254132453,10.822569011098983
word2vec,Group   ,1000000,1000,300,1000,10,0,1,1,1,4,4,2,2,132.6085663,0.1267300248146057,0.371008715,0.491989361,23.037534590315865
word2vec,Group   ,1000000,1000,300,1000,20,0,1,1,1,4,4,2,2,179.3716431,0.0462499856948853,0.534399174,0.958560588,47.92446139499118
word2vec,Group   ,1000000,1000,300,1000,30,0,1,1,1,4,4,2,2,239.9801178,0.0226399898529053,0.611565293,1.467635067,72.50148963986878
word2vec,Group   ,1000000,1000,300,1000,50,0,1,1,1,4,4,2,2,306.9647522,0.0081700086593628,0.771014405,2.366742534,117.59482981832151
word2vec,Group   ,1000000,1000,300,1000,100,0,1,1,1,4,4,2,2,342.0525208,0.0018900036811829,1.152371023,3.941714157,209.88825121954778
word2vec,Group   ,1000000,1000,300,1000,200,0,1,1,1,4,4,2,2,339.7139587,0.0002800226211548,1.668533196,5.668240062,334.2866823551306
word2vec,Group   ,1000000,1000,300,1000,300,0,1,1,1,4,4,2,2,348.2496033,6.99758529663e-05,1.889995051,6.581900059,398.8695049762516
word2vec,Group   ,1000000,1000,300,1000,400,0,1,1,1,4,4,2,2,404.5689697,2.9981136322e-05,2.092392957,8.46517257,428.865335507546
word2vec,Group   ,1000000,1000,300,1000,500,0,1,1,1,4,4,2,2,530.0643921,2.00271606445e-05,2.227870935,11.80915087,443.5436573777152
word2vec,Group   ,1000000,1000,300,1000,700,0,1,1,1,4,4,2,2,398.6221619,0.0,2.332047821,9.296059455,415.61251424854856
word2vec,Group   ,1000000,1000,300,1000,1000,0,1,1,1,4,4,2,2,407.6263428,0.0,2.453263037,10.000146033,0.0

word2vec,Dim     ,1000000,1000,300,1000,3,0,0,0,0,4,4,1,1,24.2190323,0.4290099740028381,0.620908374,0.150377995,5.975951807034591
word2vec,Dim     ,1000000,1000,300,1000,5,0,0,0,0,4,4,1,1,34.7667656,0.2797799706459045,0.730963717,0.254132453,10.822569011098983
word2vec,Dim     ,1000000,1000,300,1000,10,0,0,0,0,4,4,1,1,64.2444229,0.1267300248146057,0.765808711,0.491989361,23.037534590315865
word2vec,Dim     ,1000000,1000,300,1000,20,0,0,0,0,4,4,1,1,108.6690674,0.0462499856948853,0.882091489,0.958560588,47.92446139499118
word2vec,Dim     ,1000000,1000,300,1000,30,0,0,0,0,4,4,1,1,149.9983826,0.0226399898529053,0.97843388,1.467635067,72.50148963986878
word2vec,Dim     ,1000000,1000,300,1000,50,0,0,0,0,4,4,1,1,197.8644867,0.0081700086593628,1.196143152,2.366742534,117.59482981832151
word2vec,Dim     ,1000000,1000,300,1000,100,0,0,0,0,4,4,1,1,248.5656433,0.0018900036811829,1.585783993,3.941714157,209.88825121954778
word2vec,Dim     ,1000000,1000,300,1000,200,0,0,0,0,4,4,1,1,226.997345,0.0002800226211548,2.49705122,5.668240062,334.2866823551306
word2vec,Dim     ,1000000,1000,300,1000,300,0,0,0,0,4,4,1,1,243.1082458,6.99758529663e-05,2.707394751,6.581900059,398.8695049762516
word2vec,Dim     ,1000000,1000,300,1000,400,0,0,0,0,4,4,1,1,294.705719,2.9981136322e-05,2.872415551,8.46517257,428.865335507546
word2vec,Dim     ,1000000,1000,300,1000,500,0,0,0,0,4,4,1,1,362.045105,2.00271606445e-05,3.26179001,11.80915087,443.5436573777152
word2vec,Dim     ,1000000,1000,300,1000,700,0,0,0,0,4,4,1,1,261.0879822,0.0,3.560508529,9.296059455,415.61251424854856
word2vec,Dim     ,1000000,1000,300,1000,1000,0,0,0,0,4,4,1,1,342.0169373,0.0,2.923874535,10.000146033,0.0

