dataset,mode,nb,nq,d,nlist,nprobe,divideIVF,orderOptimize,UnblockSend,cut,block,worker,group,team,ratio,average_time_speedup,average_recall,average_query_time,average_original_time,average_variance
msongHard,Baseline,994185,1000,420,997,997,232,1,1,0,0,4,4,1,0.0000000000000000,407.6177063,0.1993200182914734,3.1691418000000002,12.916195984,44.59953825049272
msongHard,Baseline,994185,1000,420,997,997,24,1,1,0,0,4,4,1,0.1000000014901161,378.7244873,0.2016900181770325,3.410446452,12.916195984,105.3703693845319
msongHard,Baseline,994185,1000,420,997,997,232,1,1,0,0,4,4,1,0.2000000029802322,343.088974,0.21232998371124265,3.7664035169999996,12.916195984,203.16825109984714
msongHard,Baseline,994185,1000,420,997,997,232,1,1,0,0,4,4,1,0.3000000119209290,316.6670532,0.1977999806404114,4.078793715,12.916195984,302.63349632731985
msongHard,Baseline,994185,1000,420,997,997,232,1,1,0,0,4,4,1,0.4000000059604645,289.8015747,0.2257599830627441,4.456910217,12.916195984,402.3978430262974
msongHard,Baseline,994185,1000,420,997,997,24,1,1,0,0,4,4,1,0.4000000059604645,289.164978,0.2219600081443787,4.466722096,12.916195984,402.47371500983945
msongHard,Baseline,994185,1000,420,997,997,232,1,1,0,0,4,4,1,0.5000000000000000,278.1504211,0.2315999865531921,4.643601112,12.916195984,502.51583107544417
msongHard,Baseline,994185,1000,420,997,997,232,1,1,0,0,4,4,1,0.6000000238418579,250.58509830000003,0.2349750101566315,5.170381756499999,12.916195984,600.6484422881502
msongHard,Baseline,994185,1000,420,997,997,232,1,1,0,0,4,4,1,0.6999999880790710,244.6240082,0.261430025100708,5.280019716,12.916195984,700.7771227196145
msongHard,Baseline,994185,1000,420,997,997,232,1,1,0,0,4,4,1,0.8000000119209290,236.31637569999998,0.26545000076293945,5.4681617945,12.916195984,801.0228929468567
msongHard,Baseline,994185,1000,420,997,997,232,1,1,0,0,4,4,1,0.8999999761581421,225.23286435,0.2754549980163574,5.7354051219999995,12.916195984,901.2831144775068
msongHard,Baseline,994185,1000,420,997,997,232,1,1,0,0,4,4,1,1.0000000000000000,213.82613375,0.2946450114250183,6.0406062474999995,12.916195984,1001.5153974205084

msongHard,Group   ,994185,1000,420,997,997,232,1,1,1,4,4,2,2,0.0000000000000000,378.52526855,0.19680500030517573,3.4136274125,12.916195984,44.32115899606329
msongHard,Group   ,994185,1000,420,997,997,232,1,1,1,4,4,2,2,0.1000000014901161,391.1844482,0.203000009059906,3.301817381,12.916195984,105.1158027890572
msongHard,Group   ,994185,1000,420,997,997,232,1,1,1,4,4,2,2,0.2000000029802322,396.1869812,0.2166450023651123,3.266465532,12.916195984,203.0081345249293
msongHard,Group   ,994185,1000,420,997,997,232,1,1,1,4,4,2,2,0.3000000119209290,396.9938965,0.2180399894714355,3.253500014,12.916195984,302.6525196375024
msongHard,Group   ,994185,1000,420,997,997,232,1,1,1,4,4,2,2,0.4000000059604645,399.6395874,0.22778001427650457,3.232056051,12.916195984,402.3851793256954
msongHard,Group   ,994185,1000,420,997,997,232,1,1,1,4,4,2,2,0.5000000000000000,395.519043,0.2339900135993958,3.265631895,12.916195984,502.5404129020863
msongHard,Group   ,994185,1000,420,997,997,232,1,1,1,4,4,2,2,0.6000000238418579,395.605072,0.23890501260757446,3.2649690225,12.916195984,600.6511052086116
msongHard,Group   ,994185,1000,420,997,997,232,1,1,1,4,4,2,2,0.6999999880790710,394.688446,0.2464900016784668,3.272504292,12.916195984,700.8642322276463
msongHard,Group   ,994185,1000,420,997,997,232,1,1,1,4,4,2,2,0.8000000119209290,398.09098815000004,0.2577599883079528,3.244888601,12.916195984,801.017293025167
msongHard,Group   ,994185,1000,420,997,997,232,1,1,1,4,4,2,2,0.8999999761581421,384.07136535,0.2704100012779236,3.362984096,12.916195984,901.2931470549503
msongHard,Group   ,994185,1000,420,997,997,232,1,1,1,4,4,2,2,1.0000000000000000,390.60380555,0.28543999791145325,3.3075234184999998,12.916195984,1001.4975241376455

msongHard,Dim     ,994185,1000,420,997,997,232,0,0,0,4,4,1,1,0.0000000000000000,307.336792,0.20160001516342166,4.2059020205,12.916195984,44.71867338952512
msongHard,Dim     ,994185,1000,420,997,997,232,0,0,0,4,4,1,1,0.1000000014901161,319.9976501,0.2003399729728699,4.036340862,12.916195984,105.10793993372401
msongHard,Dim     ,994185,1000,420,997,997,232,0,0,0,4,4,1,1,0.2000000029802322,316.5084839,0.19809502363204956,4.0860402865,12.916195984,203.16334773023695
msongHard,Dim     ,994185,1000,420,997,997,232,0,0,0,4,4,1,1,0.3000000119209290,306.8657837,0.21110999584198,4.209069964,12.916195984,302.501327533415
msongHard,Dim     ,994185,1000,420,997,997,232,0,0,0,4,4,1,1,0.4000000059604645,321.00102234999997,0.2163250148296356,4.0332641095,12.916195984,402.4677809798868
msongHard,Dim     ,994185,1000,420,997,997,232,0,0,0,4,4,1,1,0.5000000000000000,298.0984497,0.2341099977493286,4.332862325,12.916195984,502.5035636634664
msongHard,Dim     ,994185,1000,420,997,997,232,0,0,0,4,4,1,1,0.6000000238418579,303.38102725,0.23096498847007751,4.257791222,12.916195984,600.651963270831
msongHard,Dim     ,994185,1000,420,997,997,232,0,0,0,4,4,1,1,0.6999999880790710,321.459137,0.2571300268173218,4.017989842,12.916195984,700.7812705598677
msongHard,Dim     ,994185,1000,420,997,997,232,0,0,0,4,4,1,1,0.8000000119209290,328.4186859,0.2568899989128113,3.9363038915,12.916195984,801.0290132144119
msongHard,Dim     ,994185,1000,420,997,997,232,0,0,0,4,4,1,1,0.8999999761581421,315.63238524999997,0.2842549979686737,4.092501826,12.916195984,901.247505355562
msongHard,Dim     ,994185,1000,420,997,997,232,0,0,0,4,4,1,1,1.0000000000000000,317.13414,0.29555001854896545,4.074169837,12.916195984,1001.4506112524643

dataset,mode,nb,nq,d,nlist,nprobe,divideIVF,orderOptimize,UnblockSend,cut,block,worker,group,team,ratio,average_time_speedup,average_recall,average_query_time,average_original_time,average_variance
sift1mHard,Group   ,1000000,10000,128,1000,1000,232,1,1,1,4,4,2,2,0.0000000000000000,507.9888,0.1726260185241699,8.448378233,42.916816433,99.80493975750899
sift1mHard,Group   ,1000000,10000,128,1000,1000,232,1,1,1,4,4,2,2,0.1000000014901161,525.3127441,0.1693559885025024,8.169764597,42.916816433,1004.8681993177015
sift1mHard,Group   ,1000000,10000,128,1000,1000,232,1,1,1,4,4,2,2,0.2000000029802322,512.8370972,0.1706590056419373,8.368508335,42.916816433,2002.4496937501326
sift1mHard,Group   ,1000000,10000,128,1000,1000,184,1,1,1,4,4,2,2,0.3000000119209290,600.2443237,0.1742609739303589,7.149891235,42.916816433,3001.714409466697
sift1mHard,Group   ,1000000,10000,128,1000,1000,232,1,1,1,4,4,2,2,0.4000000059604645,524.5275269,0.1812120079994202,8.181994879,42.916816433,4001.2132779945637
sift1mHard,Group   ,1000000,10000,128,1000,1000,232,1,1,1,4,4,2,2,0.5000000000000000,524.0838623,0.1843299865722656,8.188921519,42.916816433,5001.110163553689
sift1mHard,Group   ,1000000,10000,128,1000,1000,232,1,1,1,4,4,2,2,0.6000000238418579,522.5184937,0.1967030167579651,8.213453595,42.916816433,6000.835836614762
sift1mHard,Group   ,1000000,10000,128,1000,1000,232,1,1,1,4,4,2,2,0.6999999880790710,583.2595215,0.2071020007133484,7.358099286,42.916816433,7000.709714450385
sift1mHard,Group   ,1000000,10000,128,1000,1000,232,1,1,1,4,4,2,2,0.8000000119209290,598.1257935,0.2199689745903015,7.175216119,42.916816433,8000.608529105771
sift1mHard,Group   ,1000000,10000,128,1000,1000,232,1,1,1,4,4,2,2,0.8999999761581421,552.5559082,0.2291229963302612,7.766963394,42.916816433,9000.557085647531
sift1mHard,Group   ,1000000,10000,128,1000,1000,184,1,1,1,4,4,2,2,1.0000000000000000,592.6699219,0.2462670207023621,7.241268039,42.916816433,10000.493044745344

sift1mHard,Baseline,1000000,10000,128,1000,1000,232,1,1,0,0,4,4,1,0.0000000000000000,500.821106,0.1675620079040527,8.569290475,42.916816433,101.1070620678892
sift1mHard,Baseline,1000000,10000,128,1000,1000,232,1,1,0,0,4,4,1,0.1000000014901161,476.8705139,0.1719369888305664,8.999678941,42.916816433,1005.0822523554975
sift1mHard,Baseline,1000000,10000,128,1000,1000,184,1,1,0,0,4,4,1,0.2000000029802322,483.7346802,0.1706699728965759,8.871974036,42.916816433,2002.3125170662047
sift1mHard,Baseline,1000000,10000,128,1000,1000,232,1,1,0,0,4,4,1,0.3000000119209290,422.7419434,0.1747829914093018,10.152013074,42.916816433,3001.648992470639
sift1mHard,Baseline,1000000,10000,128,1000,1000,232,1,1,0,0,4,4,1,0.4000000059604645,388.9139709,0.1787170171737671,11.035041188,42.916816433,4001.1956735455965
sift1mHard,Baseline,1000000,10000,128,1000,1000,232,1,1,0,0,4,4,1,0.5000000000000000,393.3657532,0.1859089732170105,10.910156144,42.916816433,5000.956648282407
sift1mHard,Baseline,1000000,10000,128,1000,1000,232,1,1,0,0,4,4,1,0.6000000238418579,395.4127197,0.1968740224838257,10.853675986,42.916816433,6000.838353930224
sift1mHard,Baseline,1000000,10000,128,1000,1000,232,1,1,0,0,4,4,1,0.6999999880790710,340.0710754,0.2048029899597168,12.619955059,42.916816433,7000.67663972562
sift1mHard,Baseline,1000000,10000,128,1000,1000,232,1,1,0,0,4,4,1,0.8000000119209290,343.6373596,0.2175019979476929,12.488984433,42.916816433,8000.639131469436
sift1mHard,Baseline,1000000,10000,128,1000,1000,232,1,1,0,0,4,4,1,0.8999999761581421,324.5273438,0.2311679720878601,13.22440654,42.916816433,9000.535048873484
sift1mHard,Baseline,1000000,10000,128,1000,1000,184,1,1,0,0,4,4,1,1.0000000000000000,317.2409668,0.2459210157394409,13.528144826,42.916816433,10000.52877142004

sift1mHard,Dim     ,1000000,10000,128,1000,1000,232,0,0,0,8,4,1,1,0.0000000000000000,362.7286072,0.1693099737167358,11.831660629,42.916816433,100.54240896258653
sift1mHard,Dim     ,1000000,10000,128,1000,1000,232,0,0,0,8,4,1,1,0.1000000014901161,379.5699768,0.1688269972801208,11.306694467,42.916816433,1004.9055557613362
sift1mHard,Dim     ,1000000,10000,128,1000,1000,184,0,0,0,8,4,1,1,0.2000000029802322,372.4340515,0.1684949994087219,11.523332937,42.916816433,2002.419480528493
sift1mHard,Dim     ,1000000,10000,128,1000,1000,232,0,0,0,8,4,1,1,0.3000000119209290,366.8072205,0.1797990202903748,11.700101034,42.916816433,3001.641720125838
sift1mHard,Dim     ,1000000,10000,128,1000,1000,232,0,0,0,8,4,1,1,0.4000000059604645,373.9543457,0.1780509948730469,11.476485133,42.916816433,4001.0998205493447
sift1mHard,Dim     ,1000000,10000,128,1000,1000,232,0,0,0,8,4,1,1,0.5000000000000000,372.8656921,0.193198025226593,11.509993677,42.916816433,5001.007025589946
sift1mHard,Dim     ,1000000,10000,128,1000,1000,184,0,0,0,8,4,1,1,0.6000000238418579,374.9628296,0.2030450105667114,11.445619169,42.916816433,6000.774698653499
sift1mHard,Dim     ,1000000,10000,128,1000,1000,232,0,0,0,8,4,1,1,0.6999999880790710,368.0051575,0.2120829820632935,11.662014989,42.916816433,7000.687267261694
sift1mHard,Dim     ,1000000,10000,128,1000,1000,232,0,0,0,8,4,1,1,0.8000000119209290,380.1957703,0.2200310230255127,11.288083208,42.916816433,8000.566001602637
sift1mHard,Dim     ,1000000,10000,128,1000,1000,232,0,0,0,8,4,1,1,0.8999999761581421,378.3166199,0.2317109704017639,11.3441534,42.916816433,9000.543697132967
sift1mHard,Dim     ,1000000,10000,128,1000,1000,184,0,0,0,8,4,1,1,1.0000000000000000,363.5668335,0.2476080060005188,11.804381371,42.916816433,10000.499056147148


dataset,mode,nb,nq,d,nlist,nprobe,divideIVF,orderOptimize,UnblockSend,cut,block,worker,group,team,ratio,average_time_speedup,average_recall,average_query_time,average_original_time,average_variance
glove1.2mHard,Baseline,1193514,1000,200,1092,1092,232,1,1,0,0,4,4,1,0.0000000000000000,386.9941101,0.2307299971580505,1.783185913,6.900824627,31.19101025743028
glove1.2mHard,Baseline,1193514,1000,200,1092,1092,232,1,1,0,0,4,4,1,0.1000000014901161,376.1844788,0.2350800037384033,1.8344257,6.900824627,103.47968780174101
glove1.2mHard,Baseline,1193514,1000,200,1092,1092,232,1,1,0,0,4,4,1,0.2000000029802322,319.9059143,0.261210024356842,2.157141878,6.900824627,203.96086136078404
glove1.2mHard,Baseline,1193514,1000,200,1092,1092,232,1,1,0,0,4,4,1,0.3000000119209290,303.0513916,0.2879499793052673,2.27711357,6.900824627,301.92793211373504
glove1.2mHard,Baseline,1193514,1000,200,1092,1092,232,1,1,0,0,4,4,1,0.4000000059604645,276.0868225,0.3019999861717224,2.499512588,6.900824627,400.45860614812017
glove1.2mHard,Baseline,1193514,1000,200,1092,1092,232,1,1,0,0,4,4,1,0.5000000000000000,281.1302795,0.3371999859809875,2.454671474,6.900824627,502.8574084768696
glove1.2mHard,Baseline,1193514,1000,200,1092,1092,232,1,1,0,0,4,4,1,0.6000000238418579,262.8450317,0.358269989490509,2.625434668,6.900824627,601.5598238011924
glove1.2mHard,Baseline,1193514,1000,200,1092,1092,232,1,1,0,0,4,4,1,0.6999999880790710,225.1791382,0.3973399996757507,3.064593331,6.900824627,700.3587019201742
glove1.2mHard,Baseline,1193514,1000,200,1092,1092,232,1,1,0,0,4,4,1,0.8000000119209290,231.9911804,0.4117199778556824,2.97460643,6.900824627,799.1534016324147
glove1.2mHard,Baseline,1193514,1000,200,1092,1092,232,1,1,0,0,4,4,1,0.8999999761581421,223.6738586,0.4447299838066101,3.085217386,6.900824627,901.6026958951605
glove1.2mHard,Baseline,1193514,1000,200,1092,1092,232,1,1,0,0,4,4,1,1.0000000000000000,203.9294281,0.4831600189208984,3.383927927,6.900824627,1000.554926614307

glove1.2mHard,Group   ,1193514,1000,200,1092,1092,232,1,1,1,2,4,2,2,0.0000000000000000,342.2311401,0.2236599922180176,2.01642214,6.900824627,32.30086924288809
glove1.2mHard,Group   ,1193514,1000,200,1092,1092,232,1,1,1,2,4,2,2,0.1000000014901161,343.5341187,0.2336699962615967,2.008774124,6.900824627,104.21304608521417
glove1.2mHard,Group   ,1193514,1000,200,1092,1092,232,1,1,1,2,4,2,2,0.2000000029802322,357.2481995,0.2587400078773499,1.931661097,6.900824627,203.85560590429702
glove1.2mHard,Group   ,1193514,1000,200,1092,1092,232,1,1,1,2,4,2,2,0.3000000119209290,316.6813354,0.2769399881362915,2.179106735,6.900824627,301.87833526775205
glove1.2mHard,Group   ,1193514,1000,200,1092,1092,232,1,1,1,2,4,2,2,0.4000000059604645,347.8147888,0.3036100268363953,1.984051495,6.900824627,400.5445057654656
glove1.2mHard,Group   ,1193514,1000,200,1092,1092,232,1,1,1,2,4,2,2,0.5000000000000000,320.7904968,0.3183599710464478,2.151193585,6.900824627,502.79866017521636
glove1.2mHard,Group   ,1193514,1000,200,1092,1092,232,1,1,1,2,4,2,2,0.6000000238418579,324.7181396,0.3558200001716614,2.125173807,6.900824627,601.5797426885207
glove1.2mHard,Group   ,1193514,1000,200,1092,1092,232,1,1,1,2,4,2,2,0.6999999880790710,313.7340698,0.3884699940681458,2.199577766,6.900824627,700.2722586706803
glove1.2mHard,Group   ,1193514,1000,200,1092,1092,232,1,1,1,2,4,2,2,0.8000000119209290,317.4165955,0.4118000268936157,2.174059226,6.900824627,799.1766550690317
glove1.2mHard,Group   ,1193514,1000,200,1092,1092,232,1,1,1,2,4,2,2,0.8999999761581421,316.9146729,0.4562299847602844,2.17750237,6.900824627,901.6398582948372
glove1.2mHard,Group   ,1193514,1000,200,1092,1092,232,1,1,1,2,4,2,2,1.0000000000000000,334.4917908,0.4865900278091431,2.063077412,6.900824627,1000.5128794663375

glove1.2mHard,Dim     ,1193514,1000,200,1092,1092,232,0,0,0,8,4,1,1,0.0000000000000000,229.0679016,0.2388200163841248,3.012567181,6.900824627,31.824553379461555
glove1.2mHard,Dim     ,1193514,1000,200,1092,1092,232,0,0,0,8,4,1,1,0.1000000014901161,237.4187317,0.2465100288391113,2.906605018,6.900824627,103.97331652616718
glove1.2mHard,Dim     ,1193514,1000,200,1092,1092,232,0,0,0,8,4,1,1,0.2000000029802322,240.6221924,0.267769992351532,2.867908694,6.900824627,203.7376257506702
glove1.2mHard,Dim     ,1193514,1000,200,1092,1092,232,0,0,0,8,4,1,1,0.3000000119209290,244.1230011,0.2755100131034851,2.826781808,6.900824627,301.975858991939
glove1.2mHard,Dim     ,1193514,1000,200,1092,1092,232,0,0,0,8,4,1,1,0.4000000059604645,230.629776,0.3002499938011169,2.992165593,6.900824627,400.4455599955461
glove1.2mHard,Dim     ,1193514,1000,200,1092,1092,232,0,0,0,8,4,1,1,0.5000000000000000,259.0241699,0.3184800148010254,2.664162398,6.900824627,502.8058615730672
glove1.2mHard,Dim     ,1193514,1000,200,1092,1092,232,0,0,0,8,4,1,1,0.6000000238418579,235.9458618,0.3551300168037415,2.924749251,6.900824627,601.5426673030605
glove1.2mHard,Dim     ,1193514,1000,200,1092,1092,232,0,0,0,8,4,1,1,0.6999999880790710,236.0078888,0.3809000253677368,2.923980457,6.900824627,700.3008942524938
glove1.2mHard,Dim     ,1193514,1000,200,1092,1092,232,0,0,0,8,4,1,1,0.8000000119209290,238.5997925,0.4153199791908264,2.892217391,6.900824627,799.1691232435019
glove1.2mHard,Dim     ,1193514,1000,200,1092,1092,232,0,0,0,8,4,1,1,0.8999999761581421,240.3889771,0.4505599737167358,2.870690877,6.900824627,901.6852496172316
glove1.2mHard,Dim     ,1193514,1000,200,1092,1092,232,0,0,0,8,4,1,1,1.0000000000000000,240.6161499,0.4868500232696533,2.86798059,6.900824627,1000.4885162070932

dataset,mode,nb,nq,d,nlist,nprobe,divideIVF,orderOptimize,UnblockSend,cut,block,worker,group,team,ratio,average_time_speedup,average_recall,average_query_time,average_original_time,average_variance
glove2.2mHard,Baseline,2196017,1000,300,1481,1481,232,1,1,0,0,4,4,1,0.0000000000000000,372.2536926,0.2172899842262268,5.381311164,20.032129177,41.156246146775715
glove2.2mHard,Baseline,2196017,1000,300,1481,1481,232,1,1,0,0,4,4,1,0.1000000014901161,335.8350525,0.2362899780273438,5.964871372,20.032129177,106.16144560090035
glove2.2mHard,Baseline,2196017,1000,300,1481,1481,232,1,1,0,0,4,4,1,0.2000000029802322,316.752655,0.2317699790000916,6.324218152,20.032129177,203.65191868429508
glove2.2mHard,Baseline,2196017,1000,300,1481,1481,232,1,1,0,0,4,4,1,0.3000000119209290,278.5085754,0.222760021686554,7.192643446,20.032129177,302.78440684591806
glove2.2mHard,Baseline,2196017,1000,300,1481,1481,232,1,1,0,0,4,4,1,0.4000000059604645,262.7940369,0.2234500050544739,7.622749196,20.032129177,402.3011677519862
glove2.2mHard,Baseline,2196017,1000,300,1481,1481,232,1,1,0,0,4,4,1,0.5000000000000000,247.7696686,0.2203900218009949,8.084980535,20.032129177,501.9983038781669
glove2.2mHard,Baseline,2196017,1000,300,1481,1481,232,1,1,0,0,4,4,1,0.6000000238418579,239.9523163,0.2282500267028809,8.348379254,20.032129177,601.7462804957579
glove2.2mHard,Baseline,2196017,1000,300,1481,1481,232,1,1,0,0,4,4,1,0.6999999880790710,217.8677521,0.2268199920654297,9.194627745,20.032129177,701.5657688496547
glove2.2mHard,Baseline,2196017,1000,300,1481,1481,232,1,1,0,0,4,4,1,0.8000000119209290,213.9966431,0.2238600254058838,9.360955188,20.032129177,801.404048964161
glove2.2mHard,Baseline,2196017,1000,300,1481,1481,232,1,1,0,0,4,4,1,0.8999999761581421,203.8406067,0.2321199774742126,9.82734977,20.032129177,901.267005981148
glove2.2mHard,Baseline,2196017,1000,300,1481,1481,232,1,1,0,0,4,4,1,1.0000000000000000,187.881134,0.2339400053024292,10.662129354,20.032129177,1001.1433713341157

glove2.2mHard,Group   ,2196017,1000,300,1481,1481,232,1,1,1,2,4,2,2,0.0000000000000000,330.8666992,0.2172899842262268,6.05444084,20.032129177,41.1574601909793
glove2.2mHard,Group   ,2196017,1000,300,1481,1481,232,1,1,1,2,4,2,2,0.1000000014901161,317.9739685,0.2362899780273438,6.299927693,20.032129177,106.16144560090035
glove2.2mHard,Group   ,2196017,1000,300,1481,1481,232,1,1,1,2,4,2,2,0.2000000029802322,320.7040405,0.2317699790000916,6.246297537,20.032129177,203.65191868429508
glove2.2mHard,Group   ,2196017,1000,300,1481,1481,232,1,1,1,2,4,2,2,0.3000000119209290,309.4788513,0.222760021686554,6.472858661,20.032129177,302.78440684591806
glove2.2mHard,Group   ,2196017,1000,300,1481,1481,232,1,1,1,2,4,2,2,0.4000000059604645,295.9126587,0.2234500050544739,6.769608734,20.032129177,402.3011677519862
glove2.2mHard,Group   ,2196017,1000,300,1481,1481,232,1,1,1,2,4,2,2,0.5000000000000000,303.796051,0.2203900218009949,6.593939854,20.032129177,501.9983038781669
glove2.2mHard,Group   ,2196017,1000,300,1481,1481,232,1,1,1,2,4,2,2,0.6000000238418579,307.3384705,0.2282500267028809,6.517937391,20.032129177,601.7462804957579
glove2.2mHard,Group   ,2196017,1000,300,1481,1481,232,1,1,1,2,4,2,2,0.6999999880790710,289.4754028,0.2268199920654297,6.920149055,20.032129177,701.5657688496547
glove2.2mHard,Group   ,2196017,1000,300,1481,1481,232,1,1,1,2,4,2,2,0.8000000119209290,289.0772095,0.2238600254058838,6.929681089,20.032129177,801.404048964161
glove2.2mHard,Group   ,2196017,1000,300,1481,1481,232,1,1,1,2,4,2,2,0.8999999761581421,293.8141785,0.2321199774742126,6.817958299,20.032129177,901.267005981148
glove2.2mHard,Group   ,2196017,1000,300,1481,1481,232,1,1,1,2,4,2,2,1.0000000000000000,294.4398193,0.2339400053024292,6.803471299,20.032129177,1001.1433713341157

glove2.2mHard,Dim     ,2196017,1000,300,1481,1481,232,0,0,0,8,4,1,1,0.0000000000000000,205.0316925,0.2172899842262268,9.77025956,20.032129177,41.15672192512272
glove2.2mHard,Dim     ,2196017,1000,300,1481,1481,232,0,0,0,8,4,1,1,0.1000000014901161,179.9677124,0.2362899780273438,11.130957225,20.032129177,106.16144560090035
glove2.2mHard,Dim     ,2196017,1000,300,1481,1481,232,0,0,0,8,4,1,1,0.2000000029802322,207.9343109,0.2317699790000916,9.633873548,20.032129177,203.65191868429508
glove2.2mHard,Dim     ,2196017,1000,300,1481,1481,232,0,0,0,8,4,1,1,0.3000000119209290,202.330246,0.222760021686554,9.900709051,20.032129177,302.78440684591806
glove2.2mHard,Dim     ,2196017,1000,300,1481,1481,232,0,0,0,8,4,1,1,0.4000000059604645,206.0746765,0.2234500050544739,9.720810548,20.032129177,402.3011677519862
glove2.2mHard,Dim     ,2196017,1000,300,1481,1481,232,0,0,0,8,4,1,1,0.5000000000000000,109.7155685,0.2203900218009949,18.258237049,20.032129177,501.9983038781669
glove2.2mHard,Dim     ,2196017,1000,300,1481,1481,232,0,0,0,8,4,1,1,0.6000000238418579,187.2372894,0.2282500267028809,10.698792835,20.032129177,601.7462804957579
glove2.2mHard,Dim     ,2196017,1000,300,1481,1481,232,0,0,0,8,4,1,1,0.6999999880790710,185.883667,0.2268199920654297,10.776701755,20.032129177,701.5657688496547
glove2.2mHard,Dim     ,2196017,1000,300,1481,1481,232,0,0,0,8,4,1,1,0.8000000119209290,185.2583923,0.2238600254058838,10.813075102,20.032129177,801.404048964161
glove2.2mHard,Dim     ,2196017,1000,300,1481,1481,232,0,0,0,8,4,1,1,0.8999999761581421,204.0722961,0.2321199774742126,9.816192019,20.032129177,901.267005981148
glove2.2mHard,Dim     ,2196017,1000,300,1481,1481,232,0,0,0,8,4,1,1,1.0000000000000000,185.1002655,0.2339400053024292,10.82231268,20.032129177,1001.1433713341157

dataset,mode,nb,nq,d,nlist,nprobe,divideIVF,orderOptimize,UnblockSend,cut,block,worker,group,team,ratio,average_time_speedup,average_recall,average_query_time,average_original_time,average_variance
deep1MHard,Group   ,1000000,1000,256,1000,1000,232,1,1,1,4,4,2,2,0.0000000000000000,410.67453,0.1680099964141846,2.095998329,8.607731194,31.08343610349409
deep1MHard,Group   ,1000000,1000,256,1000,1000,232,1,1,1,4,4,2,2,0.1000000014901161,412.3392944,0.1687800288200378,2.087535973,8.607731194,104.83046312976013
deep1MHard,Group   ,1000000,1000,256,1000,1000,232,1,1,1,4,4,2,2,0.2000000029802322,420.2276306,0.1698200106620789,2.048349641,8.607731194,202.46141854684313
deep1MHard,Group   ,1000000,1000,256,1000,1000,232,1,1,1,4,4,2,2,0.3000000119209290,329.977356,0.1736900210380554,2.608582277,8.607731194,301.6686659233935
deep1MHard,Group   ,1000000,1000,256,1000,1000,232,1,1,1,4,4,2,2,0.4000000059604645,409.6512451,0.178820013999939,2.10123402,8.607731194,401.25903852748286
deep1MHard,Group   ,1000000,1000,256,1000,1000,232,1,1,1,4,4,2,2,0.5000000000000000,423.8893433,0.1837000250816345,2.030655279,8.607731194,500.98857871212994
deep1MHard,Group   ,1000000,1000,256,1000,1000,232,1,1,1,4,4,2,2,0.6000000238418579,405.5878601,0.1978600025177002,2.122285204,8.607731194,600.8279404288719
deep1MHard,Group   ,1000000,1000,256,1000,1000,232,1,1,1,4,4,2,2,0.6999999880790710,414.2475586,0.2116299867630005,2.077919646,8.607731194,700.6970543680058
deep1MHard,Group   ,1000000,1000,256,1000,1000,232,1,1,1,4,4,2,2,0.8000000119209290,396.8963623,0.2182599902153015,2.16876037,8.607731194,800.6076629660748
deep1MHard,Group   ,1000000,1000,256,1000,1000,232,1,1,1,4,4,2,2,0.8999999761581421,393.7312622,0.2294899821281433,2.186194553,8.607731194,900.5464330060944
deep1MHard,Group   ,1000000,1000,256,1000,1000,232,1,1,1,4,4,2,2,1.0000000000000000,423.6343689,0.2462800145149231,2.031877424,8.607731194,1000.4864866653622

deep1MHard,Baseline,1000000,1000,256,1000,1000,232,1,1,0,0,4,4,1,0.0000000000000000,380.2808228,0.1680099964141846,2.26351975,8.607731194,31.08343610349409
deep1MHard,Baseline,1000000,1000,256,1000,1000,232,1,1,0,0,4,4,1,0.1000000014901161,418.5357971,0.1687800288200378,2.056629587,8.607731194,104.83046312976013
deep1MHard,Baseline,1000000,1000,256,1000,1000,232,1,1,0,0,4,4,1,0.2000000029802322,399.3746338,0.1698200106620789,2.155302432,8.607731194,202.46141854684313
deep1MHard,Baseline,1000000,1000,256,1000,1000,232,1,1,0,0,4,4,1,0.3000000119209290,349.2933655,0.1736900210380554,2.464327164,8.607731194,301.6686659233935
deep1MHard,Baseline,1000000,1000,256,1000,1000,232,1,1,0,0,4,4,1,0.4000000059604645,294.9727173,0.178820013999939,2.918144896,8.607731194,401.25903852748286
deep1MHard,Baseline,1000000,1000,256,1000,1000,232,1,1,0,0,4,4,1,0.5000000000000000,314.0110779,0.1837000250816345,2.741219019,8.607731194,500.98857871212994
deep1MHard,Baseline,1000000,1000,256,1000,1000,232,1,1,0,0,4,4,1,0.6000000238418579,316.696991,0.1978600025177002,2.717970709,8.607731194,600.8279404288719
deep1MHard,Baseline,1000000,1000,256,1000,1000,232,1,1,0,0,4,4,1,0.6999999880790710,271.3596802,0.2116299867630005,3.172074601,8.607731194,700.6970543680058
deep1MHard,Baseline,1000000,1000,256,1000,1000,232,1,1,0,0,4,4,1,0.8000000119209290,261.561554,0.2182599902153015,3.290900911,8.607731194,800.6076629660748
deep1MHard,Baseline,1000000,1000,256,1000,1000,232,1,1,0,0,4,4,1,0.8999999761581421,234.5250397,0.2294899821281433,3.6702824,8.607731194,900.5464330060944
deep1MHard,Baseline,1000000,1000,256,1000,1000,232,1,1,0,0,4,4,1,1.0000000000000000,242.1435242,0.2462800145149231,3.554805529,8.607731194,1000.4864866653622

deep1MHard,Dim     ,1000000,1000,256,1000,1000,232,0,0,0,8,4,1,1,0.0000000000000000,275.2823792,0.1680099964141846,3.126873364,8.607731194,31.08343610349409
deep1MHard,Dim     ,1000000,1000,256,1000,1000,232,0,0,0,8,4,1,1,0.1000000014901161,259.6791992,0.1687800288200378,3.314755847,8.607731194,104.83046312976013
deep1MHard,Dim     ,1000000,1000,256,1000,1000,232,0,0,0,8,4,1,1,0.2000000029802322,269.4452209,0.1698200106620789,3.19461275,8.607731194,202.46141854684313
deep1MHard,Dim     ,1000000,1000,256,1000,1000,232,0,0,0,8,4,1,1,0.3000000119209290,255.7925262,0.1736900210380554,3.365122246,8.607731194,301.6686659233935
deep1MHard,Dim     ,1000000,1000,256,1000,1000,232,0,0,0,8,4,1,1,0.4000000059604645,294.7570496,0.178820013999939,2.920280056,8.607731194,401.25903852748286
deep1MHard,Dim     ,1000000,1000,256,1000,1000,232,0,0,0,8,4,1,1,0.5000000000000000,258.9966125,0.1837000250816345,3.3234919,8.607731194,500.98857871212994
deep1MHard,Dim     ,1000000,1000,256,1000,1000,232,0,0,0,8,4,1,1,0.6000000238418579,288.8978577,0.1978600025177002,2.979506907,8.607731194,600.8279404288719
deep1MHard,Dim     ,1000000,1000,256,1000,1000,232,0,0,0,8,4,1,1,0.6999999880790710,268.27948,0.2116299867630005,3.208493883,8.607731194,700.6970543680058
deep1MHard,Dim     ,1000000,1000,256,1000,1000,232,0,0,0,8,4,1,1,0.8000000119209290,271.6742554,0.2182599902153015,3.16840141,8.607731194,800.6076629660748
deep1MHard,Dim     ,1000000,1000,256,1000,1000,232,0,0,0,8,4,1,1,0.8999999761581421,290.4220886,0.2294899821281433,2.963869266,8.607731194,900.5464330060944
deep1MHard,Dim     ,1000000,1000,256,1000,1000,232,0,0,0,8,4,1,1,1.0000000000000000,278.2325134,0.2462800145149231,3.093718806,8.607731194,1000.4864866653622


word2vecHard,Baseline,1000000,1000,300,1000,1000,232,1,1,0,0,4,4,1,0.0000000000000000,388.9045105,0.2324000000953674,2.558927004,9.951782874,31.08343610349409
word2vecHard,Baseline,1000000,1000,300,1000,1000,232,1,1,0,0,4,4,1,0.1000000014901161,407.791687,0.2386000156402588,2.440408494,9.951782874,104.83046312976013
word2vecHard,Baseline,1000000,1000,300,1000,1000,232,1,1,0,0,4,4,1,0.2000000029802322,376.3475037,0.2462800145149231,2.644306947,9.951782874,202.46141854684313
word2vecHard,Baseline,1000000,1000,300,1000,1000,232,1,1,0,0,4,4,1,0.3000000119209290,341.1089172,0.251259982585907,2.917479664,9.951782874,301.6686659233935
word2vecHard,Baseline,1000000,1000,300,1000,1000,232,1,1,0,0,4,4,1,0.4000000059604645,298.9504089,0.2627599835395813,3.328907759,9.951782874,401.25903852748286
word2vecHard,Baseline,1000000,1000,300,1000,1000,232,1,1,0,0,4,4,1,0.5000000000000000,295.6815796,0.2757099866867065,3.365709345,9.951782874,500.98857871212994
word2vecHard,Baseline,1000000,1000,300,1000,1000,232,1,1,0,0,4,4,1,0.6000000238418579,287.4505615,0.2927600145339966,3.462085026,9.951782874,600.8279404288719
word2vecHard,Baseline,1000000,1000,300,1000,1000,232,1,1,0,0,4,4,1,0.6999999880790710,264.5260315,0.3066099882125854,3.762118442,9.951782874,700.6970543680058
word2vecHard,Baseline,1000000,1000,300,1000,1000,232,1,1,0,0,4,4,1,0.8000000119209290,235.6376801,0.3237400054931641,4.223340925,9.951782874,800.6076629660748
word2vecHard,Baseline,1000000,1000,300,1000,1000,232,1,1,0,0,4,4,1,0.8999999761581421,235.4842529,0.3459200263023376,4.226092845,9.951782874,900.5464330060944
word2vecHard,Baseline,1000000,1000,300,1000,1000,232,1,1,0,0,4,4,1,1.0000000000000000,229.8032227,0.367929995059967,4.330567277,9.951782874,1000.4864866653622

word2vecHard,Group   ,1000000,1000,300,1000,1000,232,1,1,1,4,4,2,2,0.0000000000000000,378.8871765,0.2324000000953674,2.626582122,9.951782874,31.08343610349409
word2vecHard,Group   ,1000000,1000,300,1000,1000,232,1,1,1,4,4,2,2,0.1000000014901161,378.681488,0.2386000156402588,2.628008908,9.951782874,104.83046312976013
word2vecHard,Group   ,1000000,1000,300,1000,1000,232,1,1,1,4,4,2,2,0.2000000029802322,382.1566162,0.2462800145149231,2.604111104,9.951782874,202.46141854684313
word2vecHard,Group   ,1000000,1000,300,1000,1000,232,1,1,1,4,4,2,2,0.3000000119209290,379.3589783,0.251259982585907,2.623315475,9.951782874,301.6686659233935
word2vecHard,Group   ,1000000,1000,300,1000,1000,232,1,1,1,4,4,2,2,0.4000000059604645,378.7421875,0.2627599835395813,2.627587629,9.951782874,401.25903852748286
word2vecHard,Group   ,1000000,1000,300,1000,1000,232,1,1,1,4,4,2,2,0.5000000000000000,392.269928,0.2757099866867065,2.536973205,9.951782874,500.98857871212994
word2vecHard,Group   ,1000000,1000,300,1000,1000,232,1,1,1,4,4,2,2,0.6000000238418579,380.6005249,0.2927600145339966,2.614758056,9.951782874,600.8279404288719
word2vecHard,Group   ,1000000,1000,300,1000,1000,232,1,1,1,4,4,2,2,0.6999999880790710,375.1885071,0.3066099882125854,2.652475422,9.951782874,700.6970543680058
word2vecHard,Group   ,1000000,1000,300,1000,1000,232,1,1,1,4,4,2,2,0.8000000119209290,393.9547424,0.3237400054931641,2.526123398,9.951782874,800.6076629660748
word2vecHard,Group   ,1000000,1000,300,1000,1000,232,1,1,1,4,4,2,2,0.8999999761581421,379.6592102,0.3459200263023376,2.621240936,9.951782874,900.5464330060944
word2vecHard,Group   ,1000000,1000,300,1000,1000,232,1,1,1,4,4,2,2,1.0000000000000000,376.3110046,0.367929995059967,2.644563329,9.951782874,1000.4864866653622

word2vecHard,Dim     ,1000000,1000,300,1000,1000,232,0,0,0,8,4,1,1,0.0000000000000000,315.0170593,0.2324000000953674,3.159125112,9.951782874,31.08343610349409
word2vecHard,Dim     ,1000000,1000,300,1000,1000,232,0,0,0,8,4,1,1,0.1000000014901161,278.797821,0.2386000156402588,3.569533768,9.951782874,104.83046312976013
word2vecHard,Dim     ,1000000,1000,300,1000,1000,232,0,0,0,8,4,1,1,0.2000000029802322,265.0378723,0.2462800145149231,3.754853165,9.951782874,202.46141854684313
word2vecHard,Dim     ,1000000,1000,300,1000,1000,232,0,0,0,8,4,1,1,0.3000000119209290,294.2335205,0.251259982585907,3.382273489,9.951782874,301.6686659233935
word2vecHard,Dim     ,1000000,1000,300,1000,1000,232,0,0,0,8,4,1,1,0.4000000059604645,278.2313538,0.2627599835395813,3.576801527,9.951782874,401.25903852748286
word2vecHard,Dim     ,1000000,1000,300,1000,1000,232,0,0,0,8,4,1,1,0.5000000000000000,276.6017456,0.2757099866867065,3.597874239,9.951782874,500.98857871212994
word2vecHard,Dim     ,1000000,1000,300,1000,1000,232,0,0,0,8,4,1,1,0.6000000238418579,274.0636292,0.2927600145339966,3.631194168,9.951782874,600.8279404288719
word2vecHard,Dim     ,1000000,1000,300,1000,1000,232,0,0,0,8,4,1,1,0.6999999880790710,275.1632996,0.3066099882125854,3.616682342,9.951782874,700.6970543680058
word2vecHard,Dim     ,1000000,1000,300,1000,1000,232,0,0,0,8,4,1,1,0.8000000119209290,276.3456421,0.3237400054931641,3.601208458,9.951782874,800.6076629660748
word2vecHard,Dim     ,1000000,1000,300,1000,1000,232,0,0,0,8,4,1,1,0.8999999761581421,289.0114136,0.3459200263023376,3.443387577,9.951782874,900.5464330060944
word2vecHard,Dim     ,1000000,1000,300,1000,1000,232,0,0,0,8,4,1,1,1.0000000000000000,285.5150452,0.367929995059967,3.485554712,9.951782874,1000.4864866653622

StarLightCurvesHard,Group   ,823600,1000,1024,907,907,232,1,1,1,4,4,2,2,0.0000000000000000,575.9851685,0.2939000129699707,6.013444707,34.636550797,30.904911603024182
StarLightCurvesHard,Group   ,823600,1000,1024,907,907,232,1,1,1,4,4,2,2,0.1000000014901161,575.8557129,0.2981500029563904,6.014796502,34.636550797,108.17991058428666
StarLightCurvesHard,Group   ,823600,1000,1024,907,907,232,1,1,1,4,4,2,2,0.2000000029802322,593.1802979,0.3036999702453613,5.839126902,34.636550797,205.18150729818578
StarLightCurvesHard,Group   ,823600,1000,1024,907,907,232,1,1,1,4,4,2,2,0.3000000119209290,586.4435425,0.3082600235939026,5.906203852,34.636550797,303.70885277628275
StarLightCurvesHard,Group   ,823600,1000,1024,907,907,232,1,1,1,4,4,2,2,0.4000000059604645,598.8347168,0.3236700296401978,5.783991826,34.636550797,404.75692407350675
StarLightCurvesHard,Group   ,823600,1000,1024,907,907,232,1,1,1,4,4,2,2,0.5000000000000000,603.9893799,0.342769980430603,5.734629018,34.636550797,505.9282124166173
StarLightCurvesHard,Group   ,823600,1000,1024,907,907,232,1,1,1,4,4,2,2,0.6000000238418579,570.7945557,0.3601599931716919,6.068129305,34.636550797,602.7869526238795
StarLightCurvesHard,Group   ,823600,1000,1024,907,907,232,1,1,1,4,4,2,2,0.6999999880790710,573.6970215,0.3756499886512756,6.037429232,34.636550797,704.1113786306037
StarLightCurvesHard,Group   ,823600,1000,1024,907,907,232,1,1,1,4,4,2,2,0.8000000119209290,574.8676758,0.4043999910354614,6.025134711,34.636550797,805.4480273779657
StarLightCurvesHard,Group   ,823600,1000,1024,907,907,232,1,1,1,4,4,2,2,0.8999999761581421,549.921875,0.4321900010108948,6.298449076,34.636550797,902.403604053419
StarLightCurvesHard,Group   ,823600,1000,1024,907,907,232,1,1,1,4,4,2,2,1.0000000000000000,535.1922607,0.4632200002670288,6.471796078,34.636550797,1003.7819959929562

StarLightCurvesHard,Baseline,823600,1000,1024,907,907,232,1,1,0,0,4,4,1,0.0000000000000000,486.7073669,0.2939000129699707,7.116504125,34.636550797,30.904911603024182
StarLightCurvesHard,Baseline,823600,1000,1024,907,907,232,1,1,0,0,4,4,1,0.1000000014901161,448.7154541,0.2981500029563904,7.719045405,34.636550797,108.17991058428666
StarLightCurvesHard,Baseline,823600,1000,1024,907,907,232,1,1,0,0,4,4,1,0.2000000029802322,417.3653259,0.3036999702453613,8.298857099,34.636550797,205.18150729818578
StarLightCurvesHard,Baseline,823600,1000,1024,907,907,232,1,1,0,0,4,4,1,0.3000000119209290,394.4737549,0.3082600235939026,8.780444627,34.636550797,303.70885277628275
StarLightCurvesHard,Baseline,823600,1000,1024,907,907,232,1,1,0,0,4,4,1,0.4000000059604645,363.0047607,0.3236700296401978,9.541624154,34.636550797,404.75692407350675
StarLightCurvesHard,Baseline,823600,1000,1024,907,907,232,1,1,0,0,4,4,1,0.5000000000000000,337.8072815,0.342769980430603,10.253346258,34.636550797,505.9282124166173
StarLightCurvesHard,Baseline,823600,1000,1024,907,907,232,1,1,0,0,4,4,1,0.6000000238418579,324.8581238,0.3601599931716919,10.662054632,34.636550797,602.7869526238795
StarLightCurvesHard,Baseline,823600,1000,1024,907,907,232,1,1,0,0,4,4,1,0.6999999880790710,285.1950989,0.3756499886512756,12.144862319,34.636550797,704.1113786306037
StarLightCurvesHard,Baseline,823600,1000,1024,907,907,232,1,1,0,0,4,4,1,0.8000000119209290,270.5502625,0.4043999910354614,12.802260475,34.636550797,805.4480273779657
StarLightCurvesHard,Baseline,823600,1000,1024,907,907,232,1,1,0,0,4,4,1,0.8999999761581421,260.0756531,0.4321900010108948,13.317875258,34.636550797,902.403604053419
StarLightCurvesHard,Baseline,823600,1000,1024,907,907,232,1,1,0,0,4,4,1,1.0000000000000000,252.0864868,0.4632200002670288,13.739947815,34.636550797,1003.7819959929562

StarLightCurvesHard,Dim     ,823600,1000,1024,907,907,232,0,0,0,8,4,1,1,0.0000000000000000,326.5726624,0.2939000129699707,10.606077894,34.636550797,30.904911603024182
StarLightCurvesHard,Dim     ,823600,1000,1024,907,907,232,0,0,0,8,4,1,1,0.1000000014901161,323.7809448,0.2981500029563904,10.697525763,34.636550797,108.17991058428666
StarLightCurvesHard,Dim     ,823600,1000,1024,907,907,232,0,0,0,8,4,1,1,0.2000000029802322,329.8125,0.3036999702453613,10.501891575,34.636550797,205.18150729818578
StarLightCurvesHard,Dim     ,823600,1000,1024,907,907,232,0,0,0,8,4,1,1,0.3000000119209290,321.1777649,0.3082600235939026,10.784230523,34.636550797,303.70885277628275
StarLightCurvesHard,Dim     ,823600,1000,1024,907,907,232,0,0,0,8,4,1,1,0.4000000059604645,315.9672241,0.3236700296401978,10.962070522,34.636550797,404.75692407350675
StarLightCurvesHard,Dim     ,823600,1000,1024,907,907,232,0,0,0,8,4,1,1,0.5000000000000000,339.9457703,0.342769980430603,10.188846043,34.636550797,505.9282124166173
StarLightCurvesHard,Dim     ,823600,1000,1024,907,907,232,0,0,0,8,4,1,1,0.6000000238418579,337.5899658,0.3601599931716919,10.259946505,34.636550797,602.7869526238795
StarLightCurvesHard,Dim     ,823600,1000,1024,907,907,232,0,0,0,8,4,1,1,0.6999999880790710,281.6863708,0.3756499886512756,12.296139471,34.636550797,704.1113786306037
StarLightCurvesHard,Dim     ,823600,1000,1024,907,907,232,0,0,0,8,4,1,1,0.8000000119209290,339.1972351,0.4043999910354614,10.211330308,34.636550797,805.4480273779657
StarLightCurvesHard,Dim     ,823600,1000,1024,907,907,232,0,0,0,8,4,1,1,0.8999999761581421,322.2233276,0.4321900010108948,10.749237481,34.636550797,902.403604053419
StarLightCurvesHard,Dim     ,823600,1000,1024,907,907,232,0,0,0,8,4,1,1,1.0000000000000000,337.2845764,0.4632200002670288,10.269236402,34.636550797,1003.7819959929562


HandOutlinesHard,Dim     ,600000,370,2712,774,774,232,0,0,0,10,4,1,1,0.0000000000000000,76.299118,0.2699459195137024,19.731456602,15.054927931,19.14253620883241
HandOutlinesHard,Dim     ,600000,370,2712,774,774,232,0,0,0,10,4,1,1,0.1000000014901161,72.5785828,0.261810839176178,20.742934628,15.054927931,42.67538670581622
HandOutlinesHard,Dim     ,600000,370,2712,774,774,232,0,0,0,10,4,1,1,0.2000000029802322,61.366127,0.2502162456512451,24.532961344,15.054927931,77.01659272881108
HandOutlinesHard,Dim     ,600000,370,2712,774,774,232,0,0,0,10,4,1,1,0.3000000119209290,67.8572845,0.2461891770362854,22.186164469,15.054927931,114.41202345519072
HandOutlinesHard,Dim     ,600000,370,2712,774,774,232,0,0,0,10,4,1,1,0.4000000059604645,67.3529892,0.237135112285614,22.352278117,15.054927931,150.35252288189548
HandOutlinesHard,Dim     ,600000,370,2712,774,774,232,0,0,0,10,4,1,1,0.5000000000000000,66.1164246,0.2372702956199646,22.770330962,15.054927931,186.450026556986
HandOutlinesHard,Dim     ,600000,370,2712,774,774,232,0,0,0,10,4,1,1,0.6000000238418579,64.0034637,0.2502702474594116,23.522053082,15.054927931,224.524055904009
HandOutlinesHard,Dim     ,600000,370,2712,774,774,232,0,0,0,10,4,1,1,0.6999999880790710,60.8798943,0.2554864883422852,24.728899237,15.054927931,260.7230405544723
HandOutlinesHard,Dim     ,600000,370,2712,774,774,232,0,0,0,10,4,1,1,0.8000000119209290,58.0639839,0.2683783769607544,25.928168647,15.054927931,296.9859139335322
HandOutlinesHard,Dim     ,600000,370,2712,774,774,232,0,0,0,10,4,1,1,0.8999999761581421,51.0255013,0.2703783512115479,29.504713853,15.054927931,335.14671475853186
HandOutlinesHard,Dim     ,600000,370,2712,774,774,232,0,0,0,10,4,1,1,1.0000000000000000,51.1667328,0.281000018119812,29.423272868,15.054927931,371.41613205736604

HandOutlinesHard,Group   ,600000,370,2712,774,774,232,1,1,1,5,4,2,2,0.0000000000000000,64.2119751,0.2699459195137024,23.445669506,15.054927931,19.14253620883241
HandOutlinesHard,Group   ,600000,370,2712,774,774,232,1,1,1,5,4,2,2,0.1000000014901161,54.3047295,0.261810839176178,27.723051031,15.054927931,42.67538670581622
HandOutlinesHard,Group   ,600000,370,2712,774,774,232,1,1,1,5,4,2,2,0.2000000029802322,53.1284103,0.2502162456512451,28.33686818,15.054927931,77.01659272881108
HandOutlinesHard,Group   ,600000,370,2712,774,774,232,1,1,1,5,4,2,2,0.3000000119209290,50.2244606,0.2461891770362854,29.975290008,15.054927931,114.41202345519072
HandOutlinesHard,Group   ,600000,370,2712,774,774,232,1,1,1,5,4,2,2,0.4000000059604645,50.2574539,0.237135112285614,29.955611783,15.054927931,150.35252288189548
HandOutlinesHard,Group   ,600000,370,2712,774,774,232,1,1,1,5,4,2,2,0.5000000000000000,49.9415665,0.2372702956199646,30.145084828,15.054927931,186.450026556986
HandOutlinesHard,Group   ,600000,370,2712,774,774,232,1,1,1,5,4,2,2,0.6000000238418579,48.4231834,0.2502702474594116,31.090331399,15.054927931,224.524055904009
HandOutlinesHard,Group   ,600000,370,2712,774,774,232,1,1,1,5,4,2,2,0.6999999880790710,48.6717529,0.2554864883422852,30.931549658,15.054927931,260.7230405544723
HandOutlinesHard,Group   ,600000,370,2712,774,774,232,1,1,1,5,4,2,2,0.8000000119209290,45.0995789,0.2683783769607544,33.381526098,15.054927931,296.9859139335322
HandOutlinesHard,Group   ,600000,370,2712,774,774,232,1,1,1,5,4,2,2,0.8999999761581421,42.0238075,0.2703783512115479,35.824758441,15.054927931,335.14671475853186
HandOutlinesHard,Group   ,600000,370,2712,774,774,232,1,1,1,5,4,2,2,1.0000000000000000,40.1256638,0.281000018119812,37.519449068,15.054927931,371.41613205736604

HandOutlinesHard,Baseline,600000,370,2712,774,774,232,1,1,0,0,4,4,1,0.0000000000000000,64.1066437,0.2699459195137024,23.484193932,15.054927931,19.14253620883241
HandOutlinesHard,Baseline,600000,370,2712,774,774,232,1,1,0,0,4,4,1,0.1000000014901161,60.0304298,0.261810839176178,25.078827635,15.054927931,42.67538670581622
HandOutlinesHard,Baseline,600000,370,2712,774,774,232,1,1,0,0,4,4,1,0.2000000029802322,60.0996361,0.2502162456512451,25.049948597,15.054927931,77.01659272881108
HandOutlinesHard,Baseline,600000,370,2712,774,774,232,1,1,0,0,4,4,1,0.3000000119209290,50.3835411,0.2461891770362854,29.880647434,15.054927931,114.41202345519072
HandOutlinesHard,Baseline,600000,370,2712,774,774,232,1,1,0,0,4,4,1,0.4000000059604645,49.4030952,0.237135112285614,30.473653728,15.054927931,150.35252288189548
HandOutlinesHard,Baseline,600000,370,2712,774,774,232,1,1,0,0,4,4,1,0.5000000000000000,50.7182388,0.2372702956199646,29.683458967,15.054927931,186.450026556986
HandOutlinesHard,Baseline,600000,370,2712,774,774,232,1,1,0,0,4,4,1,0.6000000238418579,40.1320076,0.2502702474594116,37.51351891,15.054927931,224.524055904009
HandOutlinesHard,Baseline,600000,370,2712,774,774,232,1,1,0,0,4,4,1,0.6999999880790710,40.8927231,0.2554864883422852,36.815664638,15.054927931,260.7230405544723
HandOutlinesHard,Baseline,600000,370,2712,774,774,232,1,1,0,0,4,4,1,0.8000000119209290,34.7428169,0.2683783769607544,43.332492615,15.054927931,296.9859139335322
HandOutlinesHard,Baseline,600000,370,2712,774,774,232,1,1,0,0,4,4,1,0.8999999761581421,38.7508812,0.2703783512115479,38.850544095,15.054927931,335.14671475853186
HandOutlinesHard,Baseline,600000,370,2712,774,774,232,1,1,0,0,4,4,1,1.0000000000000000,33.6270523,0.281000018119812,44.77028758,15.054927931,371.41613205736604